903028;Fond. Fil Mec. St.CS;903028;FOND. FIL MECAL CS;Castel;Castel
903050;Rebuts;903050;REBUTS CASTEL;Castel;Castel
903095;Crasses;903095;CRASSES CASTEL;Castel;Castel
921001;SJ Alumine;921001;SJ ALUMINE;Saint-Jean-de-Maurienne;Electrolyse
922001;Anodes SJ;922001;ANODES SJ;Saint-Jean-de-Maurienne;Carbone
923011;Fond. Plq.  Alu SJ;923011;FOND. PLQ. 1000 SJ;Saint-Jean-de-Maurienne;Fonderie
923012;Fond. Plq. 3000 SJ;923012;FOND. PLQ. 3000 SJ;Saint-Jean-de-Maurienne;Fonderie
923013;Fond. Plq. 5000 SJ;923013;FOND. PLQ. 5000 SJ;Saint-Jean-de-Maurienne;Fonderie
923016;Fond. Plq. 8000 SJ;923016;FOND. PLQ. 8000 SJ;Saint-Jean-de-Maurienne;Fonderie
923022;Fond. Fil Conduct.SJ;923022;FOND. FIL CONDUCTAL.SJ;Saint-Jean-de-Maurienne;Fonderie
923023;Fond. Fil Almelec SJ;923023;FOND. FIL ALMELEC SJ;Saint-Jean-de-Maurienne;Fonderie
923024;Fond. Fil Mecal SJ;923024;FOND. FIL MECAL SJ;Saint-Jean-de-Maurienne;Fonderie
923030;Fonderie Tés SJ;923030;FONDERIE TÉS SJ;Saint-Jean-de-Maurienne;Fonderie
923050;Rebuts;923050;REBUTS;Saint-Jean-de-Maurienne;Fonderie
923071;Fond Lingots 1000 SJ;923071;FOND LINGOTS 1000 SJ;Saint-Jean-de-Maurienne;Fonderie
923072;Fond Ling alliés SJ;923072;FOND LING ALLIÉS SJ;Saint-Jean-de-Maurienne;Fonderie
923095;Crasses;923095;CRASSES;Saint-Jean-de-Maurienne;Fonderie
90A230010;M.O  à répartir;90A230010;M.O Castelsarrasin;Castel;Castel
92A230015;ETT  Fonderie;90A230015;ETT  Castelsarrasin;Castel;Castel
90A996060;Energie électrique;90A996060;Achat électricité pour production CS;Castel;Castel
90S131100;Assurances;90C130000;Finances production Cs;Castel;Castel
90D995050;Prime Interessement;90C139999;Finances hors production CS;Castel;Castel
90S240010;Laboratoire;90C240010;Laboratoire;Castel;Castel
90E230000;Maint. Ch. Géné. FO;90E230000;Maintenance Castelsarrasin;Castel;Castel
90G598230;Territoire Castel;90G598230;Territoire Castel;Castel;Castel
90G909000;Projets exploitat CS;90G909000;Projets OPEX Castel;Castel;Castel
90S110000;Frais de Site;90S110000;Frais Communs Castelsarrasin;Castel;Castel
90S230000;Char. Gen. Fonderie;90S230000;Charges Fonderie Castelsarrasin;Castel;Castel
90S252000;Environnement Déchet;90S252000;Environnement Déchets Castelsarrasin;Castel;Castel
90S310000;Maintenance;90S310000;Maintenance Castel;Castel;Castel
90V300028;Trans/Ventes Fil Mec;90V300028;Transport sur Ventes Castel;Castel;Castel
92A210020;M.O  Carbone;92A210020;Rémunération Opérateurs;Saint-Jean-de-Maurienne;Carbone
92A210025;ETT  Carbone;92A210025;ETT  Carbone;Saint-Jean-de-Maurienne;Carbone
92A220030;M.O  Electrolyse;92A220030;M.O  Electrolyse;Saint-Jean-de-Maurienne;Electrolyse
92A220035;ETT  Electrolyse;92A220035;ETT  Electrolyse;Saint-Jean-de-Maurienne;Electrolyse
92A230010;M.O  Fonderie;92A230010;M.O  Fonderie;Saint-Jean-de-Maurienne;Fonderie
92A239000;M.O  Controleurs FO;92A239000;M.O  Controleurs FO;Saint-Jean-de-Maurienne;Fonderie
92A250010;M.O  Captation;92A250010;M.O  Captation;Saint-Jean-de-Maurienne;Electrolyse
92A250015;ETT  Captation;92A250015;ETT  Captation;Saint-Jean-de-Maurienne;Electrolyse
92A310030;M.O  Maintenance;92A310030;M.O  Maintenance;Saint-Jean-de-Maurienne;Maintenance
92S110000;Direction;92C110000;Direction;Saint-Jean-de-Maurienne;Communs
92S120000;Relations Sociales;92C120000;Relations Sociales;Saint-Jean-de-Maurienne;Communs
92S120050;Groupe de travail énergie;92C120050;Groupe de travail énergie;Saint-Jean-de-Maurienne;Communs
92S120060;Comite d'Entreprise;92C120060;Comite d'Entreprise;Saint-Jean-de-Maurienne;Communs
92S120080;Recrutement;92C120080;Recrutement;Saint-Jean-de-Maurienne;Communs
92S120100;Serv. intér.;92C120100;Services intérieurs;Saint-Jean-de-Maurienne;Communs
92S120120;Juridique;92C120120;Juridique;Saint-Jean-de-Maurienne;Communs
92S120130;Vestiaires Douches;92C120130;Vestiaires Douches;Saint-Jean-de-Maurienne;Communs
92S120150;Paie;92C120150;Paie;Saint-Jean-de-Maurienne;Communs
92S120155;Standard Téléphone;92C120155;Téléphone;Saint-Jean-de-Maurienne;Communs
92S121020;Frais & Prestations annexes;92C121020;Frais & Prestations annexes;Saint-Jean-de-Maurienne;Communs
92S123010;Formation;92C123010;Formation;Saint-Jean-de-Maurienne;Communs
92S123020;SIRH & projets;92C123020;SIRH & Projets;Saint-Jean-de-Maurienne;Communs
92S131000;Impots taxes loc.;92C130000;Finances production;Saint-Jean-de-Maurienne;Communs
92D995050;Prime Interessement;92C139999;Finances hors production;Saint-Jean-de-Maurienne;Communs
92S140000;Informatique;92C140000;Informatique;Saint-Jean-de-Maurienne;Communs
92S150000;Prévention + RHP;92C150000;Prévention + RHP;Saint-Jean-de-Maurienne;Communs
92S150010;Prévention;92C150010;Prévention;Saint-Jean-de-Maurienne;Communs
92S150020;Qualité;92C150020;Qualité;Saint-Jean-de-Maurienne;Communs
92S151010;Surveillance;92C151010;Surveillance;Saint-Jean-de-Maurienne;Communs
92S160000;Médecine du Travail;92C160000;Médecine du Travail;Saint-Jean-de-Maurienne;Communs
92S180000;Améliorat. continue;92C180000;Améliorat. continue;Saint-Jean-de-Maurienne;Communs
92S238000;Assurance Quali. Pro;92C238030;Controle Qualité Produits finis;Saint-Jean-de-Maurienne;Communs
92S240010;Laboratoire;92C240010;Laboratoire;Saint-Jean-de-Maurienne;Communs
92S240020;Développement produit;92C240020;Developpement Produit;Saint-Jean-de-Maurienne;Communs
92S252000;Frais Commun Environ;92C252000;Frais Communs Environnement;Saint-Jean-de-Maurienne;Communs
92S252010;Rej. Gazeux  + Liq.;92C252010;Rej. Gazeux  + Liq.;Saint-Jean-de-Maurienne;Communs
92S252020;Dechets Solides;92C252020;Dechets Solides;Saint-Jean-de-Maurienne;Communs
92S252040;Indemnisations;92C252040;Indemnisations;Saint-Jean-de-Maurienne;Communs
92S311010;Bureau d'etudes;92C311010;Bureau d'etudes;Saint-Jean-de-Maurienne;Communs
92S319000;Réseau Air;92C319000;Réseau Air;Saint-Jean-de-Maurienne;Communs
92S319100;Réseau Eau Potable;92C319100;Réseau Eau Potable;Saint-Jean-de-Maurienne;Communs
92S319150;Réseau Eau Industrielle;92C319150;Réseau Eau Industrielle;Saint-Jean-de-Maurienne;Communs
92S330010;Achats;92C330010;Achats;Saint-Jean-de-Maurienne;Communs
92S330020;Magasin general;92C330020;Magasin général;Saint-Jean-de-Maurienne;Communs
92D220100;Provision ARO démantelement SJ;92D220100;Provision ARO démantelement SJ;Saint-Jean-de-Maurienne;Communs
92D993100;Ventes prest. divers;92D993100;Ventes prest. divers;Saint-Jean-de-Maurienne;Communs
92E120110;Batiments généraux;92E120100;Services Généraux;Saint-Jean-de-Maurienne;Maintenance
92E120140;Véhicules maintenance;92E120140;Engins maintenance;Saint-Jean-de-Maurienne;Maintenance
92E120150;Téléphone;92E120150;Telecom;Saint-Jean-de-Maurienne;Maintenance
92S210025;Conc. Recyclés Ano.;92E210025;Concassage recyclés ;Saint-Jean-de-Maurienne;Maintenance
92E210310;Batiments électricit;92E210030;Tour à Pate ;Saint-Jean-de-Maurienne;Maintenance
92E210420;alimentation evacuat;92E210040;Cuisson;Saint-Jean-de-Maurienne;Maintenance
92E210501;Petit outillage GAZ.;92E210050;Gazetterie ;Saint-Jean-de-Maurienne;Maintenance
92E210644;convoyeurs aeriens;92E210060;Scellement anodes;Saint-Jean-de-Maurienne;Maintenance
92E210800;Engins loc carbone;92E210800;Engins carbone;Saint-Jean-de-Maurienne;Maintenance
92E210900;Gros Entretien Carbo;92E210900;Gros Entretiens Carbone;Saint-Jean-de-Maurienne;Maintenance
92E210900;Gros Entretien Carbo;92E210960;Gros Entretiens Scellement;Saint-Jean-de-Maurienne;Maintenance
92E220172;depotage alumine;92E220010;Frais Communs Electrolyse;Saint-Jean-de-Maurienne;Maintenance
92E220500;batiments - electric;92E220050;Electrolyse Série F ;Saint-Jean-de-Maurienne;Maintenance
92E220660;Cuves G  (DPAA);92E220060;Electrolyse Série G ;Saint-Jean-de-Maurienne;Maintenance
92E220732;cribles et broyeurs;92E220070;Traitement Bain ;Saint-Jean-de-Maurienne;Maintenance
92E220130;arrivees edf;92E220100;SOUS-STATION;Saint-Jean-de-Maurienne;Maintenance
92E210387;informatique tap;92E220110;MAIR;Saint-Jean-de-Maurienne;Maintenance
92E220631;cometto 1;92E220800;Engins electrolyse;Saint-Jean-de-Maurienne;Maintenance
92E220900;Gros Entretien Elect;92E220900;Gros Entretiens Electrolyse;Saint-Jean-de-Maurienne;Maintenance
92E221000;batiments-electricit;92E221000;Brasquages F + G ;Saint-Jean-de-Maurienne;Maintenance
92E230000;batiments-elec-secur;92E230000;Charges Générales Fonderie;Saint-Jean-de-Maurienne;Maintenance
92E230900;Gros Entretien Fonde;92E230900;Gros Entretiens Fonderie;Saint-Jean-de-Maurienne;Maintenance
92E231000;fours 10 et 11;92E231000;Fours à Plaques + Tés + RFI;Saint-Jean-de-Maurienne;Maintenance
92E231523;fours 0;92E231050;Fours à Fils ;Saint-Jean-de-Maurienne;Maintenance
92E231800;Engins loc Fonderie;92E231800;Engins fonderie;Saint-Jean-de-Maurienne;Maintenance
92E232000;c.c.v;92E232000;CCV Plaques + Tés;Saint-Jean-de-Maurienne;Maintenance
92E232200;metier b;92E232020;CCV Tés Fosse B ;Saint-Jean-de-Maurienne;Maintenance
92E232070;Machine à lingots;92E232070;Machine à lingots;Saint-Jean-de-Maurienne;Maintenance
92E232071;Fours chaîne lingots;92E232071;Four Chaîne à lingots + Table élévatrice;Saint-Jean-de-Maurienne;Maintenance
92E233393;injecteurs m 81;92E233030;Ligne à Fil M 81 ;Saint-Jean-de-Maurienne;Maintenance
92E233410;Train à fil M 98;92E233040;Ligne à Fil M 98 ;Saint-Jean-de-Maurienne;Maintenance
92E233190;roules de coulee m02;92E233050;Ligne à Fil P 02 ;Saint-Jean-de-Maurienne;Maintenance
92E234200;mixal;92E234020;Mixal + écrémeuse;Saint-Jean-de-Maurienne;Maintenance
92E234400;four stein;92E234040;Four Stein ;Saint-Jean-de-Maurienne;Maintenance
92E235000;parachevement;92E235000;Finition Plaques + Tés + Compacteuse;Saint-Jean-de-Maurienne;Maintenance
92E235102;condit. chaine emba.;92E235010;Finition Fils ;Saint-Jean-de-Maurienne;Maintenance
92S239000;F M D Communs;92E239000;Expéditions;Saint-Jean-de-Maurienne;Maintenance
92E240100;entretien laboratoir;92E240010;Laboratoire ;Saint-Jean-de-Maurienne;Maintenance
92E250310;filtres-ventilateurs;92E250030;Captation F;Saint-Jean-de-Maurienne;Maintenance
92E250400;automat-communs-secu;92E250040;Captation G;Saint-Jean-de-Maurienne;Maintenance
92E250501;automat-communs-secu;92E250050;Captation F. à cuire;Saint-Jean-de-Maurienne;Maintenance
92E310000;fc maintenance;92E310000;FCSM Communs;Saint-Jean-de-Maurienne;Maintenance
92E310900;Gros Entretien Maint;92E310910;Gros Entretiens ATC;Saint-Jean-de-Maurienne;Maintenance
92E310900;Gros Entretien Maint;92E310920;Gros Entretiens MAIR;Saint-Jean-de-Maurienne;Maintenance
92E310900;Gros Entretien Maint;92E310930;Gros Entretiens SST;Saint-Jean-de-Maurienne;Maintenance
92E310900;Gros Entretien Maint;92E310940;Gros Entretiens IT;Saint-Jean-de-Maurienne;Maintenance
92E331016;entretien toitures;92E311000;Entretien toitures usine;Saint-Jean-de-Maurienne;Maintenance
92E331112;Entretien clim usine;92E311100;Entretien clim usine;Saint-Jean-de-Maurienne;Maintenance
92E331110;entretien locotracte;92E311200;Entretien portes usine;Saint-Jean-de-Maurienne;Maintenance
92E312005;controle;92E312005;FCSM Métrologie;Saint-Jean-de-Maurienne;Maintenance
92E312010;MAIR;92E312010;FCSM MAIR;Saint-Jean-de-Maurienne;Maintenance
92E312020;maconnerie;92E312020;FCSM ATC;Saint-Jean-de-Maurienne;Maintenance
92E312030;atelier élec.;92E312030;FCSM SST;Saint-Jean-de-Maurienne;Maintenance
92E312040;garage;92E312040;FCSM Garage;Saint-Jean-de-Maurienne;Maintenance
92E312045;Commun Astreinte;92E312045;FCSM Astreinte;Saint-Jean-de-Maurienne;Maintenance
92E312050;carbone;92E312050;FCSM Carbone;Saint-Jean-de-Maurienne;Maintenance
92E312060;scellement;92E312060;FCSM Scellement;Saint-Jean-de-Maurienne;Maintenance
92E312070;electrolyse;92E312070;FCSM Electrolyse;Saint-Jean-de-Maurienne;Maintenance
92E312080;fonderie;92E312080;FCSM Fonderie;Saint-Jean-de-Maurienne;Maintenance
92E319000;entretien reseau air;92E319000;Air Comprimé;Saint-Jean-de-Maurienne;Maintenance
92E311010;Métrologie Périodique et curatif;92E321000;Métrologie périodique et curatif;Saint-Jean-de-Maurienne;Maintenance
92E220160;Contrôles règlementaires;92E321100;Contrôles réglementaires;Saint-Jean-de-Maurienne;Maintenance
92E330020;entretien magasin ge;92E330020;Rénovables;Saint-Jean-de-Maurienne;Maintenance
92E331000;entretien embranchem;92E331000;Manutention;Saint-Jean-de-Maurienne;Maintenance
92G598234;Refact & Subventions;92G598234;Refact & Subventions;Saint-Jean-de-Maurienne;Communs
92G599901;Projet ERP;92G599901;Projet ERP;Saint-Jean-de-Maurienne;Communs
92G909001;Projets exploitat FO;92G909001;Projets OPEX Fonderie;Saint-Jean-de-Maurienne;Fonderie
92G909002;Projets exploitat EL;92G909002;Projets OPEX Electrolyse;Saint-Jean-de-Maurienne;Electrolyse
92G909003;Projet expl.Labo&Cap;92G909003;Projets OPEX Labo&Captation;Saint-Jean-de-Maurienne;Electrolyse
92G909004;Projet expl.Carbone;92G909004;Projets OPEX Carbone;Saint-Jean-de-Maurienne;Carbone
92G909005;Projet expl.Autres;92G909005;Projets OPEX Commun;Saint-Jean-de-Maurienne;Communs
92G909008;Réparation cuves;92G909008;Réparation cuves;Saint-Jean-de-Maurienne;Electrolyse
92G909011;Territoire Fonderie;92G909011;Territoire Fonderie;Saint-Jean-de-Maurienne;Fonderie
92G909012;Territoire Electroly;92G909012;Territoire Electrolyse;Saint-Jean-de-Maurienne;Electrolyse
92G909014;Territoire Carbone;92G909014;Territoire Carbone;Saint-Jean-de-Maurienne;Carbone
92G909015;Territoire Autres;92G909015;Territoire Autres;Saint-Jean-de-Maurienne;Communs
92H330741;LRF EXPLOIT.  PROTOS;92H330800;LRF MAGASIN DIRECT;Saint-Jean-de-Maurienne;Communs
92S110100;Communication;92S110100;Communication;Saint-Jean-de-Maurienne;Communs
92S120160;Restaur.Entreprise;92S120160;Restaurant d'entreprise;Saint-Jean-de-Maurienne;Communs
92S121000;Foyer;92S121000;Foyer;Saint-Jean-de-Maurienne;Communs
92S130000;Comptabilité;92S130000;Comptabilité;Saint-Jean-de-Maurienne;Communs
92S210000;Frais Commun Carbone;92S210000;Frais Communs Carbone;Saint-Jean-de-Maurienne;Carbone
92S210020;Manut recyclés;92S210020;Manutention recyclés;Saint-Jean-de-Maurienne;Carbone
92S210030;TAP;92S210030;TAP;Saint-Jean-de-Maurienne;Carbone
92S210040;FAC;92S210040;FAC;Saint-Jean-de-Maurienne;Carbone
92S210050;Gazetterie;92S210050;Gazetterie ;Saint-Jean-de-Maurienne;Carbone
92S210060;Scellement;92S210060;Scellt Anodes Usine;Saint-Jean-de-Maurienne;Carbone
92S210061;Tiges et pattes F;92S210061;Tiges F;Saint-Jean-de-Maurienne;Electrolyse
92S210062;Tiges et pattes G;92S210062;Tiges G;Saint-Jean-de-Maurienne;Electrolyse
92S210200;Logistique coke BP;92S210200;Coût logis.Coke Gand;Saint-Jean-de-Maurienne;Communs
92S210201;Logistique coke OMV;92S210201;Log. coke Burghausen;Saint-Jean-de-Maurienne;Communs
92S210202;Logistique coke Ghent;92S210202;Log. coke Commun;Saint-Jean-de-Maurienne;Communs
92S210590;Gazetterie Mastiq.;92S210500;Gazetterie Cloisons;Saint-Jean-de-Maurienne;Carbone
92S210990;Dechets Solides Carb;92S210990;Dechets Solides Carbone;Saint-Jean-de-Maurienne;Carbone
92S319300;Sous Station Energie;92S220010;Frais Communs Electrolyse;Saint-Jean-de-Maurienne;Electrolyse
92S220020;Tuyaux de coulée;92S220020;Tuyaux de coulée;Saint-Jean-de-Maurienne;Electrolyse
92S220030;Capots triangles;92S220030;Capots;Saint-Jean-de-Maurienne;Electrolyse
92S220040;Goulottes alumine;92S220040;Goulottes alumine;Saint-Jean-de-Maurienne;Electrolyse
92S220050;Série F;92S220050;Séries F & G;Saint-Jean-de-Maurienne;Electrolyse
92S220070;Traitement Bain;92S220070;Traitement Bain;Saint-Jean-de-Maurienne;Electrolyse
92S220090;Casse Engins;92S220090;Casse Engins;Saint-Jean-de-Maurienne;Electrolyse
92S220099;PC + Amélioration;92S220099;Masques / MDA;Saint-Jean-de-Maurienne;Electrolyse
92S220100;Formation;92S220100;Formation Electrolyse;Saint-Jean-de-Maurienne;Electrolyse
92S220200;Logistique Alumine;92S220200;Log. Alumine Trains;Saint-Jean-de-Maurienne;Communs
92S220201;Log. Alumine P14;92S220201;Log. Alumine P14;Saint-Jean-de-Maurienne;Communs
92S220202;Surestaries Alumine;92S220202;Transp Amont Alumine;Saint-Jean-de-Maurienne;Communs
92S220990;Dechets Solides Elec;92S220990;Dechets Solides Elec;Saint-Jean-de-Maurienne;Electrolyse
92S210070;Scellt Cathodes Usin;92S221000;Brasquages F + G ;Saint-Jean-de-Maurienne;Electrolyse
92S221200;Debrasquage/Nettoyage ss sol;92S221200;Debrasquage/Nettoyage ss-sol;Saint-Jean-de-Maurienne;Electrolyse
92S230000;Char. Gen. Fonderie;92S230000;Charges Générales Fonderie;Saint-Jean-de-Maurienne;Fonderie
92S230090;Chariots : accidents;92S230090;Chariots, portes, casses engins;Saint-Jean-de-Maurienne;Fonderie
92S231000;Fours Plaques + Tés;92S232000;CCV Plaques + Tés;Saint-Jean-de-Maurienne;Fonderie
92S232020;CCV  Tés Fosse B;92S232001;CCV  Tés Fosse B;Saint-Jean-de-Maurienne;Fonderie
92S232070;Machine à lingots;92S232070;Machine à lingots;Saint-Jean-de-Maurienne;Fonderie
92S233030;Ligne à Fil M 81;92S233030;Ligne à Fil M 81;Saint-Jean-de-Maurienne;Fonderie
92S231050;Fours à Fils;92S233035;Ligne à fil commune;Saint-Jean-de-Maurienne;Fonderie
92S233040;Ligne à Fil M 98;92S233040;Ligne à Fil M 98;Saint-Jean-de-Maurienne;Fonderie
92S233050;Ligne à Fil P 02;92S233050;Ligne à Fil P 02;Saint-Jean-de-Maurienne;Fonderie
92S235010;Finition Fils;92S235010;Finition Fils (palettes);Saint-Jean-de-Maurienne;Fonderie
92S239100;Crasses;92S239100;Crasses (logisitique);Saint-Jean-de-Maurienne;Fonderie
92S250020;Frais Commun Capt.;92S250020;Frais Communs Captation;Saint-Jean-de-Maurienne;Electrolyse
92S250030;Frais Captation F;92S250030;Frais Captation F;Saint-Jean-de-Maurienne;Electrolyse
92S250040;Frais Captation G;92S250040;Frais Captation G;Saint-Jean-de-Maurienne;Electrolyse
92S250050;Frais Captation FAC;92S250050;Frais Captation FAC;Saint-Jean-de-Maurienne;Electrolyse
92S251000;Traitement Brasques;92S251000;Traitement Brasques;Saint-Jean-de-Maurienne;Electrolyse
92S252030;Dechets Solides à répartir;92S252030;Dechets Solides à répartir;Saint-Jean-de-Maurienne;Communs
92S310000;Maintenance;92S310000;Maintenance;Saint-Jean-de-Maurienne;Maintenance
92S350000;Administration des ventes;92S350000;Administration des ventes;Saint-Jean-de-Maurienne;Communs
92V300022;Trans/Ventes Fnium;92V300022;Transport sur Ventes;Saint-Jean-de-Maurienne;Communs
