target_schema;target_table;target_column;target_label_fr;target_description;ifs_data_type;ifs_length;mandatory;primary_key;in_scope;default_value;sap_source_table;sap_source_field;join_context;mapping_rule;mapping_status;confidence;comments
clean_data;jt_task;task_seq;N° tâche;N° ligne demande;NUMBER;20;FALSE;TRUE;YES;;AFVC;AUFPL + APLZL;"AFVC opération centrale; AFKO via AFKO.AUFPL=AFVC.AUFPL; AFVV via AFVV.AUFPL=AFVC.AUFPL AND AFVV.APLZL=AFVC.APLZL; AFRU via AFRU.RUECK=AFVC.RUECK AND AFRU.RMZHL=AFVC.RMZHL ou AFRU.AUFPL/APLZL; CRHD via CRHD.OBJID=AFVC.ARBID AND CRHD.WERKS=AFVC.WERKS; JEST/JCDS via OBJNR.";Identifiant technique généré depuis la clé opération SAP, ex. dense_rank() ou hash numérique de AFVC.AUFPL||AFVC.APLZL. Ne pas reprendre tel quel si IFS génère la séquence.;A valider;Moyenne;No incrémental à reprendre ds autres tables
clean_data;jt_task;order_no;N° cde;Numéro de commande du client, qui est l'identification principale de la source de la demande de modification de la configuration.;NUMBER;20;FALSE;FALSE;YES;;AFKO;AUFNR;"AFVC opération centrale; AFKO via AFKO.AUFPL=AFVC.AUFPL; AFVV via AFVV.AUFPL=AFVC.AUFPL AND AFVV.APLZL=AFVC.APLZL; AFRU via AFRU.RUECK=AFVC.RUECK AND AFRU.RMZHL=AFVC.RMZHL ou AFRU.AUFPL/APLZL; CRHD via CRHD.OBJID=AFVC.ARBID AND CRHD.WERKS=AFVC.WERKS; JEST/JCDS via OBJNR.";Ordre SAP rattaché via AFKO.AUFPL = AFVC.AUFPL. A renseigner seulement si IFS attend un n° commande client, sinon laisser vide.;Optionnel / ambigu;Faible;ne pas renseigner
clean_data;jt_task;wo_no;N° BT;Affiche le numéro du bon de travail, une fois généré.;NUMBER;20;FALSE;FALSE;YES;;AFKO;AUFNR;"AFVC opération centrale; AFKO via AFKO.AUFPL=AFVC.AUFPL; AFVV via AFVV.AUFPL=AFVC.AUFPL AND AFVV.APLZL=AFVC.APLZL; AFRU via AFRU.RUECK=AFVC.RUECK AND AFRU.RMZHL=AFVC.RMZHL ou AFRU.AUFPL/APLZL; CRHD via CRHD.OBJID=AFVC.ARBID AND CRHD.WERKS=AFVC.WERKS; JEST/JCDS via OBJNR.";Bon de travail IFS = ordre de maintenance SAP. Jointure AFKO.AUFPL = AFVC.AUFPL. Conserver les zéros si WO_NO IFS les accepte, sinon conversion numérique.;Proposé;Forte;Reprendre No BT table ACTIVE_SEPARATE auquel tâche se connecte
clean_data;jt_task;site;Site;Code court du site.;VARCHAR2;5;TRUE;FALSE;YES;SJM;AFVC;WERKS;"AFVC opération centrale; AFKO via AFKO.AUFPL=AFVC.AUFPL; AFVV via AFVV.AUFPL=AFVC.AUFPL AND AFVV.APLZL=AFVC.APLZL; AFRU via AFRU.RUECK=AFVC.RUECK AND AFRU.RMZHL=AFVC.RMZHL ou AFRU.AUFPL/APLZL; CRHD via CRHD.OBJID=AFVC.ARBID AND CRHD.WERKS=AFVC.WERKS; JEST/JCDS via OBJNR.";Site/division SAP opération. Transcodifier WERKS vers site IFS si nécessaire. Défaut Excel: SJM.;Proposé;Forte;SJM ou CAST
clean_data;jt_task;company;Société;Les informations sur la société source où le type de taux de devise connecté est mis à jour à l'aide du workflow.;VARCHAR2;4000;FALSE;FALSE;NO;TRIM;Constante;TRIM;;Valeur par défaut du fichier IFS. Hors périmètre selon IN_SCOPE=NO.;Défaut;Forte;TRIM
clean_data;jt_task;organization_site;Site org. maint.;Site auquel l'organisation de maintenance appartient.;VARCHAR2;5;FALSE;FALSE;YES;SJM;AFVC;WERKS;"AFVC opération centrale; AFKO via AFKO.AUFPL=AFVC.AUFPL; AFVV via AFVV.AUFPL=AFVC.AUFPL AND AFVV.APLZL=AFVC.APLZL; AFRU via AFRU.RUECK=AFVC.RUECK AND AFRU.RMZHL=AFVC.RMZHL ou AFRU.AUFPL/APLZL; CRHD via CRHD.OBJID=AFVC.ARBID AND CRHD.WERKS=AFVC.WERKS; JEST/JCDS via OBJNR.";Même site que opération, à transcoder vers site IFS. Défaut Excel: SJM.;Proposé;Forte;SJM ou CAST
clean_data;jt_task;organization_id;Organisation maintenance;Identité de l'organisation de maintenance à laquelle l'employé est connecté. L'identité doit exister dans ***Données de base/Organisations de maintenance*** à partir de ***Organisation***. Pour saisir une nouvelle valeur, sélectionnez-la dans la liste de valeurs.;VARCHAR2;8;FALSE;FALSE;YES;;CRHD;ARBPL;"AFVC opération centrale; AFKO via AFKO.AUFPL=AFVC.AUFPL; AFVV via AFVV.AUFPL=AFVC.AUFPL AND AFVV.APLZL=AFVC.APLZL; AFRU via AFRU.RUECK=AFVC.RUECK AND AFRU.RMZHL=AFVC.RMZHL ou AFRU.AUFPL/APLZL; CRHD via CRHD.OBJID=AFVC.ARBID AND CRHD.WERKS=AFVC.WERKS; JEST/JCDS via OBJNR.";Organisation maintenance IFS proposée depuis poste de travail SAP. Jointure AFVC.ARBID = CRHD.OBJID et AFVC.WERKS = CRHD.WERKS, puis transcodification ARBPL -> organisation IFS.;A transcoder;Moyenne;Poste technique
clean_data;jt_task;priority_id;ID priorité;Degré de priorité que vous voulez attribuer au bon de travail. Ce champ est lié à l'onglet Données base bon travail et PM/Priorités et autorise uniquement les valeurs saisies ici;VARCHAR2;10;FALSE;FALSE;YES;;AFKO;APRIO;"AFVC opération centrale; AFKO via AFKO.AUFPL=AFVC.AUFPL; AFVV via AFVV.AUFPL=AFVC.AUFPL AND AFVV.APLZL=AFVC.APLZL; AFRU via AFRU.RUECK=AFVC.RUECK AND AFRU.RMZHL=AFVC.RMZHL ou AFRU.AUFPL/APLZL; CRHD via CRHD.OBJID=AFVC.ARBID AND CRHD.WERKS=AFVC.WERKS; JEST/JCDS via OBJNR.";Priorité ordre. Si AFIH est disponible plus tard, vérifier AFIH.PRIOK qui est souvent plus PM.;Proposé;Moyenne;à renseigner
clean_data;jt_task;work_type_id;Type de travail;Type de travail défini avec le modèle d'élément d'exécution.  Ce champ est lié à ***Données base ***bon travail et ***PM*** et autorise uniquement les valeurs saisies ici.;VARCHAR2;20;FALSE;FALSE;YES;;AFVC;STEUS;"AFVC opération centrale; AFKO via AFKO.AUFPL=AFVC.AUFPL; AFVV via AFVV.AUFPL=AFVC.AUFPL AND AFVV.APLZL=AFVC.APLZL; AFRU via AFRU.RUECK=AFVC.RUECK AND AFRU.RMZHL=AFVC.RMZHL ou AFRU.AUFPL/APLZL; CRHD via CRHD.OBJID=AFVC.ARBID AND CRHD.WERKS=AFVC.WERKS; JEST/JCDS via OBJNR.";Type de travail IFS proposé depuis clé de commande/contrôle opération SAP. Nécessite transcodification STEUS -> WORK_TYPE_ID.;A transcoder;Moyenne;à renseigner
clean_data;jt_task;description;Description;Champ de texte libre utilisé pour entrer une description;VARCHAR2;200;TRUE;FALSE;YES;;AFVC;LTXA1;"AFVC opération centrale; AFKO via AFKO.AUFPL=AFVC.AUFPL; AFVV via AFVV.AUFPL=AFVC.AUFPL AND AFVV.APLZL=AFVC.APLZL; AFRU via AFRU.RUECK=AFVC.RUECK AND AFRU.RMZHL=AFVC.RMZHL ou AFRU.AUFPL/APLZL; CRHD via CRHD.OBJID=AFVC.ARBID AND CRHD.WERKS=AFVC.WERKS; JEST/JCDS via OBJNR.";Texte court opération SAP.;Proposé;Forte;Description courte tâche = description courte BT
clean_data;jt_task;long_description;Description détaillée;Des informations supplémentaires sur le travail devant être effectué peuvent être saisies dans ce champ.;VARCHAR2;4000;FALSE;FALSE;YES;;AFVC;LTXA2;"AFVC opération centrale; AFKO via AFKO.AUFPL=AFVC.AUFPL; AFVV via AFVV.AUFPL=AFVC.AUFPL AND AFVV.APLZL=AFVC.APLZL; AFRU via AFRU.RUECK=AFVC.RUECK AND AFRU.RMZHL=AFVC.RMZHL ou AFRU.AUFPL/APLZL; CRHD via CRHD.OBJID=AFVC.ARBID AND CRHD.WERKS=AFVC.WERKS; JEST/JCDS via OBJNR.";"Complément texte opération si alimenté. Les vrais textes longs SAP ne sont pas dans AFVC; extraire STXH/STXL si requis.";Proposé partiel;Moyenne;Description détaillée tâche
clean_data;jt_task;created_by;Créé par;Le créateur d'un média est enregistré dans le champ **Créé par**. Le créateur obtient automatiquement l'accès à un média, qu'il soit privé ou non privé. Seul le créateur ou un administrateur système peut modifier le champ **Créé par**.;VARCHAR2;30;FALSE;FALSE;NO;;AFRU ou source ETL;ERNAM;"AFVC opération centrale; AFKO via AFKO.AUFPL=AFVC.AUFPL; AFVV via AFVV.AUFPL=AFVC.AUFPL AND AFVV.APLZL=AFVC.APLZL; AFRU via AFRU.RUECK=AFVC.RUECK AND AFRU.RMZHL=AFVC.RMZHL ou AFRU.AUFPL/APLZL; CRHD via CRHD.OBJID=AFVC.ARBID AND CRHD.WERKS=AFVC.WERKS; JEST/JCDS via OBJNR.";"Créateur depuis confirmation si disponible; sinon utilisateur ETL. Champ hors périmètre selon IN_SCOPE=NO.";Optionnel;Faible;ne pas renseigner
clean_data;jt_task;created_date;Date de création;Date de création de l'enregistrement. Cette valeur est déterminée automatiquement lors de la création de l'enregistrement. Ce champ ne peut pas être mis à jour.;DATE;21;FALSE;FALSE;NO;;AFRU ou source ETL;ERSDA;"AFVC opération centrale; AFKO via AFKO.AUFPL=AFVC.AUFPL; AFVV via AFVV.AUFPL=AFVC.AUFPL AND AFVV.APLZL=AFVC.APLZL; AFRU via AFRU.RUECK=AFVC.RUECK AND AFRU.RMZHL=AFVC.RMZHL ou AFRU.AUFPL/APLZL; CRHD via CRHD.OBJID=AFVC.ARBID AND CRHD.WERKS=AFVC.WERKS; JEST/JCDS via OBJNR.";"Date création confirmation ou date chargement; hors périmètre selon IN_SCOPE=NO.";Optionnel;Faible;ne pas renseigner
clean_data;jt_task;prepared_by;Préparé par;La signature de la **personne** qui a préparé la commande d'isolation. Utilisez la liste de valeurs pour sélectionner une valeur appropriée. Si ce champ est vide, la signature de l'utilisateur connecté est extraite lorsque l'ordre d'isolation du statut est défini sur **Préparé**.;VARCHAR2;20;FALSE;FALSE;YES;;AFVC;AFNAM;"AFVC opération centrale; AFKO via AFKO.AUFPL=AFVC.AUFPL; AFVV via AFVV.AUFPL=AFVC.AUFPL AND AFVV.APLZL=AFVC.APLZL; AFRU via AFRU.RUECK=AFVC.RUECK AND AFRU.RMZHL=AFVC.RMZHL ou AFRU.AUFPL/APLZL; CRHD via CRHD.OBJID=AFVC.ARBID AND CRHD.WERKS=AFVC.WERKS; JEST/JCDS via OBJNR.";"Demandeur / responsable opération SAP si disponible; sinon valeur par défaut projet.";Proposé;Moyenne;ne pas renseigner
clean_data;jt_task;reported_by;Rapporté par;ID utilisateur de l'utilisateur qui a signalé les informations relatives aux temps d'arrêt de l'équipement.;VARCHAR2;20;FALSE;FALSE;YES;KAPEIFS;AFRU;ERNAM;"AFVC opération centrale; AFKO via AFKO.AUFPL=AFVC.AUFPL; AFVV via AFVV.AUFPL=AFVC.AUFPL AND AFVV.APLZL=AFVC.APLZL; AFRU via AFRU.RUECK=AFVC.RUECK AND AFRU.RMZHL=AFVC.RMZHL ou AFRU.AUFPL/APLZL; CRHD via CRHD.OBJID=AFVC.ARBID AND CRHD.WERKS=AFVC.WERKS; JEST/JCDS via OBJNR.";"Utilisateur de confirmation; sinon défaut Excel KAPEIFS.";Proposé;Moyenne;ne pas renseigner
clean_data;jt_task;reported_date;Date rapport;Date et heure auxquelles l'utilisateur a signalé les informations relatives aux temps d'arrêt de l'équipement.;DATE;21;FALSE;FALSE;YES;;AFRU;ERSDA + ERZET;"AFVC opération centrale; AFKO via AFKO.AUFPL=AFVC.AUFPL; AFVV via AFVV.AUFPL=AFVC.AUFPL AND AFVV.APLZL=AFVC.APLZL; AFRU via AFRU.RUECK=AFVC.RUECK AND AFRU.RMZHL=AFVC.RMZHL ou AFRU.AUFPL/APLZL; CRHD via CRHD.OBJID=AFVC.ARBID AND CRHD.WERKS=AFVC.WERKS; JEST/JCDS via OBJNR.";"Date/heure de saisie confirmation; sinon date ordre AFKO.GSTRP selon règle métier.";Proposé;Moyenne;ne pas renseigner
clean_data;jt_task;mpb_latest_update;Dernière màj MPB;#N/A;DATE;21;FALSE;FALSE;YES;;raw_data;updated_at;;Date de dernière mise à jour technique du staging, si besoin.;Optionnel;Faible;ne pas renseigner
clean_data;jt_task;planned_start;Début prévu;Date à laquelle le travail planifié sur l'élément d'exécution doit commencer.;DATE;21;FALSE;FALSE;YES;;AFVV;FSAVD + FSAVZ;"AFVC opération centrale; AFKO via AFKO.AUFPL=AFVC.AUFPL; AFVV via AFVV.AUFPL=AFVC.AUFPL AND AFVV.APLZL=AFVC.APLZL; AFRU via AFRU.RUECK=AFVC.RUECK AND AFRU.RMZHL=AFVC.RMZHL ou AFRU.AUFPL/APLZL; CRHD via CRHD.OBJID=AFVC.ARBID AND CRHD.WERKS=AFVC.WERKS; JEST/JCDS via OBJNR.";Début planifié opération. Combiner date et heure SAP. Fallback AFKO.GSTRP + GSUZP.;Proposé;Forte;DD/MM/YYYY hh:mm
clean_data;jt_task;planned_finish;Fin prévue;Date à laquelle le travail planifié sur l'élément d'exécution doit être terminé.;DATE;21;FALSE;FALSE;YES;;AFVV;FSEDD + FSEDZ;"AFVC opération centrale; AFKO via AFKO.AUFPL=AFVC.AUFPL; AFVV via AFVV.AUFPL=AFVC.AUFPL AND AFVV.APLZL=AFVC.APLZL; AFRU via AFRU.RUECK=AFVC.RUECK AND AFRU.RMZHL=AFVC.RMZHL ou AFRU.AUFPL/APLZL; CRHD via CRHD.OBJID=AFVC.ARBID AND CRHD.WERKS=AFVC.WERKS; JEST/JCDS via OBJNR.";Fin planifiée opération. Combiner date et heure SAP. Fallback AFKO.GLTRP + GLUZP.;Proposé;Forte;DD/MM/YYYY hh:mm
clean_data;jt_task;duration;Durée;Nombre d'heures planifiées pour l'opération.;NUMBER;20;FALSE;FALSE;YES;;AFVV;DAUNO / DAUNE ou ARBEI / ARBEH;"AFVC opération centrale; AFKO via AFKO.AUFPL=AFVC.AUFPL; AFVV via AFVV.AUFPL=AFVC.AUFPL AND AFVV.APLZL=AFVC.APLZL; AFRU via AFRU.RUECK=AFVC.RUECK AND AFRU.RMZHL=AFVC.RMZHL ou AFRU.AUFPL/APLZL; CRHD via CRHD.OBJID=AFVC.ARBID AND CRHD.WERKS=AFVC.WERKS; JEST/JCDS via OBJNR.";"Durée opération. Choisir DAUNO si durée, sinon ARBEI si charge/travail; convertir en heures.";A valider;Moyenne;nbre heure
clean_data;jt_task;actual_start;Début réel;Lorsque le statut du projet devient **Démarré**, cette valeur est automatiquement définie sur la date du jour (date système). Cette valeur n'est pas modifiable.;DATE;21;FALSE;FALSE;YES;;AFRU;ISDD + ISDZ;"AFVC opération centrale; AFKO via AFKO.AUFPL=AFVC.AUFPL; AFVV via AFVV.AUFPL=AFVC.AUFPL AND AFVV.APLZL=AFVC.APLZL; AFRU via AFRU.RUECK=AFVC.RUECK AND AFRU.RMZHL=AFVC.RMZHL ou AFRU.AUFPL/APLZL; CRHD via CRHD.OBJID=AFVC.ARBID AND CRHD.WERKS=AFVC.WERKS; JEST/JCDS via OBJNR.";Début réel confirmé. Fallback AFVV.ISDD + ISDZ.;Proposé;Forte;ne pas renseigner
clean_data;jt_task;actual_finish;Fin réelle;Date de fin réelle d'une activité. Lorsque ce champ est défini, la date du champ **Fin proche** est identique. Lorsque l'activité est définie sur fermée, l'option **Fin réelle** est définie sur **Fin au plus tôt** si elle n'a pas été définie manuellement. Cette valeur peut être modifiée.;DATE;21;FALSE;FALSE;YES;;AFRU;IEDD + IEDZ;"AFVC opération centrale; AFKO via AFKO.AUFPL=AFVC.AUFPL; AFVV via AFVV.AUFPL=AFVC.AUFPL AND AFVV.APLZL=AFVC.APLZL; AFRU via AFRU.RUECK=AFVC.RUECK AND AFRU.RMZHL=AFVC.RMZHL ou AFRU.AUFPL/APLZL; CRHD via CRHD.OBJID=AFVC.ARBID AND CRHD.WERKS=AFVC.WERKS; JEST/JCDS via OBJNR.";Fin réelle confirmée. Fallback AFVV.IEDD + IEDZ.;Proposé;Forte;ne pas renseigner
clean_data;jt_task;earliest_start;Début au plus tôt;Date de début demandé pour le bon de travail. Ce n'est pas une date contraignante, mais une indication, par exemple, d'une échéance de date de début de l'activité connectée.;DATE;21;FALSE;FALSE;YES;;AFVV;SSAVD + SSAVZ;"AFVC opération centrale; AFKO via AFKO.AUFPL=AFVC.AUFPL; AFVV via AFVV.AUFPL=AFVC.AUFPL AND AFVV.APLZL=AFVC.APLZL; AFRU via AFRU.RUECK=AFVC.RUECK AND AFRU.RMZHL=AFVC.RMZHL ou AFRU.AUFPL/APLZL; CRHD via CRHD.OBJID=AFVC.ARBID AND CRHD.WERKS=AFVC.WERKS; JEST/JCDS via OBJNR.";Début au plus tôt / ordonnancement. Vérifier sens exact selon paramétrage SAP.;A valider;Moyenne;DD/MM/YYYY hh:mm
clean_data;jt_task;latest_start;Début au plus tard;Dernières date et heure auxquelles le début du travail sur la tâche a été planifié.;DATE;21;FALSE;FALSE;YES;;AFVV;FSSBD + FSSBZ;"AFVC opération centrale; AFKO via AFKO.AUFPL=AFVC.AUFPL; AFVV via AFVV.AUFPL=AFVC.AUFPL AND AFVV.APLZL=AFVC.APLZL; AFRU via AFRU.RUECK=AFVC.RUECK AND AFRU.RMZHL=AFVC.RMZHL ou AFRU.AUFPL/APLZL; CRHD via CRHD.OBJID=AFVC.ARBID AND CRHD.WERKS=AFVC.WERKS; JEST/JCDS via OBJNR.";Début au plus tard proposé depuis dates contraintes opération.;A valider;Faible;ne pas renseigner
clean_data;jt_task;latest_finish;Fin au plus tard;Date de fin demandée pour le bon de travail. Ce n'est pas une date contraignante, mais une indication, par exemple, d'une échéance de date de fin de l'activité connectée.;DATE;21;FALSE;FALSE;YES;;AFVV;FSSLD + FSSLZ;"AFVC opération centrale; AFKO via AFKO.AUFPL=AFVC.AUFPL; AFVV via AFVV.AUFPL=AFVC.AUFPL AND AFVV.APLZL=AFVC.APLZL; AFRU via AFRU.RUECK=AFVC.RUECK AND AFRU.RMZHL=AFVC.RMZHL ou AFRU.AUFPL/APLZL; CRHD via CRHD.OBJID=AFVC.ARBID AND CRHD.WERKS=AFVC.WERKS; JEST/JCDS via OBJNR.";Fin au plus tard proposée depuis dates contraintes opération.;A valider;Faible;ne pas renseigner
clean_data;jt_task;fixed_start;Début fixé;Date et heure fixes auxquelles le bon de travail ou la demande de service doit commencer. Il s'agit d'une date contraignante, et la valeur indiquée dans ce champ remplace les date et heure de début demandées comme premier point de départ possible pour le bon de travail ou la demande de service. La valeur saisie dans ce champ sera transférée comme fixe dans le temps vers le moteur de planification PSO ou CBS, s'ils sont utilisés.;DATE;21;FALSE;FALSE;YES;;AFVV;FSAVD + FSAVZ;"AFVC opération centrale; AFKO via AFKO.AUFPL=AFVC.AUFPL; AFVV via AFVV.AUFPL=AFVC.AUFPL AND AFVV.APLZL=AFVC.APLZL; AFRU via AFRU.RUECK=AFVC.RUECK AND AFRU.RMZHL=AFVC.RMZHL ou AFRU.AUFPL/APLZL; CRHD via CRHD.OBJID=AFVC.ARBID AND CRHD.WERKS=AFVC.WERKS; JEST/JCDS via OBJNR.";"Si l’opération est fixée, reprendre date planifiée; sinon laisser vide. Dépend de logique SAP.";A valider;Faible;ne pas renseigner
clean_data;jt_task;sla_order_no;N° commande CNS;Numéro unique de la commande de contrat de niveau de service (CNS) associée au bon de travail.;NUMBER;20;FALSE;FALSE;NO;;;;;"Pas de mapping SAP proposé à ce stade; champ IFS à laisser vide ou alimenté par défaut/système selon validation métier.";Non mappé;;ne pas renseigner
clean_data;jt_task;sla_order_line_no;N° ligne cde CNS;Numéro de ligne de la commande de contrat de niveau de service (CNS) connectée à l'opération de bon de travail.;NUMBER;20;FALSE;FALSE;NO;;;;;"Pas de mapping SAP proposé à ce stade; champ IFS à laisser vide ou alimenté par défaut/système selon validation métier.";Non mappé;;ne pas renseigner
clean_data;jt_task;sla_latest_start;Début au plus tard CNS;Dernières date et heure auxquelles le début du travail sur la tâche a été planifié.;DATE;21;FALSE;FALSE;NO;;;;;"Pas de mapping SAP proposé à ce stade; champ IFS à laisser vide ou alimenté par défaut/système selon validation métier.";Non mappé;;ne pas renseigner
clean_data;jt_task;sla_latest_finish;Fin au plus tard CNS;Dernières date et heure auxquelles la fin du travail sur la tâche a été planifiée.;DATE;21;FALSE;FALSE;NO;;;;;"Pas de mapping SAP proposé à ce stade; champ IFS à laisser vide ou alimenté par défaut/système selon validation métier.";Non mappé;;ne pas renseigner
clean_data;jt_task;responded_date;Date réponse;Cette date indique quand la ligne de commande CNS a effectivement reçu une réponse et elle est définie lorsque le statut de l'affectation de travail au plus tôt est défini sur **En attente sur place** ou lorsque le statut de la première opération de bon de travail connectée au CNS, est modifié par **Travail commencé**.;DATE;21;FALSE;FALSE;NO;;;;;"Pas de mapping SAP proposé à ce stade; champ IFS à laisser vide ou alimenté par défaut/système selon validation métier.";Non mappé;;ne pas renseigner
clean_data;jt_task;resolved_date;Date résolution;Date et heure de résolution de l'élément de pointage. Une valeur dans ce champ est définie automatiquement lorsque le statut de l'élément de pointage passe à **Résolu**.;DATE;21;FALSE;FALSE;NO;;;;;"Pas de mapping SAP proposé à ce stade; champ IFS à laisser vide ou alimenté par défaut/système selon validation métier.";Non mappé;;ne pas renseigner
clean_data;jt_task;exclude_from_scheduling;Exclure de la planification;"Contrôle si l'opération BT doit être envoyée ou non au moteur de planification PSO. Si une opération BT est exclue de la planification, les opérations BT dépendantes seront également exclues. Les opérations BT exclues n'apparaîtront pas dans la liste des opérations BT de la console de répartition, mais les utilisateurs ont accès à la création d'affectations de travail via la commande Affecter les tâches ; ces affectations apparaîtront dans le diagramme de Gantt de la console de répartition.";VARCHAR2;4000;FALSE;FALSE;YES;False;Constante;FALSE;;Libellé correspondant au champ *_DB.;Défaut à valider;Moyenne;ne pas renseigner
clean_data;jt_task;exclude_from_scheduling_db;Exclure de la planification;"Contrôle si l'opération BT doit être envoyée ou non au moteur de planification PSO. Si une opération BT est exclue de la planification, les opérations BT dépendantes seront également exclues. Les opérations BT exclues n'apparaîtront pas dans la liste des opérations BT de la console de répartition, mais les utilisateurs ont accès à la création d'affectations de travail via la commande Affecter les tâches ; ces affectations apparaîtront dans le diagramme de Gantt de la console de répartition.";VARCHAR2;20;TRUE;FALSE;YES;FALSE;Constante;FALSE;;Obligatoire dans fichier IFS. Mettre FALSE/NO sauf règle de non-planification identifiée.;Défaut à valider;Moyenne;"""FALSE"""
clean_data;jt_task;adjusted_duration;Durée ajustée;L'option **Ajuster la durée** permet à un service d'archivage d'ajuster automatiquement la durée en fonction des durées moyennes historiques. Le service d'archivage calcule les durées à partir des tâches terminées du même jeu de données, du même type d'activité et du même emplacement. La durée calculée est ensuite utilisée lorsque l'option **Ajuster la durée** est activée sur les tâches du même jeu de données, du même emplacement et du même type de travail. L'option **Ajuster la durée** se trouve dans les pages ***Tâche de travail***. Le champ de durée se trouve sur les tâches dans l'onglet ***Informations de planification/Allocations***. La valeur **Oui** ou **Non** du champ **Durée ajustée**, dans ***Informations de planification/Allocations*** indique si la valeur a été ajustée ou non.;VARCHAR2;5;FALSE;FALSE;YES;;Constante;FALSE;;Aucun équivalent SAP direct identifié.;Défaut à valider;Faible;"""FALSE"""
clean_data;jt_task;remark;Remarque;Zone de texte facultative pour vos commentaires.;VARCHAR2;2000;FALSE;FALSE;YES;;AFRU;LTXA1;"AFVC opération centrale; AFKO via AFKO.AUFPL=AFVC.AUFPL; AFVV via AFVV.AUFPL=AFVC.AUFPL AND AFVV.APLZL=AFVC.APLZL; AFRU via AFRU.RUECK=AFVC.RUECK AND AFRU.RMZHL=AFVC.RMZHL ou AFRU.AUFPL/APLZL; CRHD via CRHD.OBJID=AFVC.ARBID AND CRHD.WERKS=AFVC.WERKS; JEST/JCDS via OBJNR.";Texte de confirmation ou remarque opération selon choix métier.;Proposé;Moyenne;ne pas renseigner
clean_data;jt_task;internal_remark;Remarque interne;Toute information supplémentaire concernant l'employé. Ces informations ne sont affichées nulle part ailleurs dans le système.;VARCHAR2;2000;FALSE;FALSE;YES;;;;;Pas de source SAP standard identifiée dans les tables disponibles.;Non mappé;;ne pas renseigner
clean_data;jt_task;action_taken;Action entreprise;Description de l'action prise.;VARCHAR2;4000;FALSE;FALSE;YES;;AFRU;LTXA1;"AFVC opération centrale; AFKO via AFKO.AUFPL=AFVC.AUFPL; AFVV via AFVV.AUFPL=AFVC.AUFPL AND AFVV.APLZL=AFVC.APLZL; AFRU via AFRU.RUECK=AFVC.RUECK AND AFRU.RMZHL=AFVC.RMZHL ou AFRU.AUFPL/APLZL; CRHD via CRHD.OBJID=AFVC.ARBID AND CRHD.WERKS=AFVC.WERKS; JEST/JCDS via OBJNR.";"Action réalisée depuis texte de confirmation; si besoin enrichir avec catalogues causes/actions QM non disponibles.";Proposé partiel;Moyenne;ne pas renseigner
clean_data;jt_task;cancel_cause;Raison d'annulation;ID de la cause d'annulation. Ce champ est obligatoire et ne peut être mis à jour. La longueur maximale du champ est de 10 caractères.;VARCHAR2;10;FALSE;FALSE;YES;;AFRU;GRUND;"AFVC opération centrale; AFKO via AFKO.AUFPL=AFVC.AUFPL; AFVV via AFVV.AUFPL=AFVC.AUFPL AND AFVV.APLZL=AFVC.APLZL; AFRU via AFRU.RUECK=AFVC.RUECK AND AFRU.RMZHL=AFVC.RMZHL ou AFRU.AUFPL/APLZL; CRHD via CRHD.OBJID=AFVC.ARBID AND CRHD.WERKS=AFVC.WERKS; JEST/JCDS via OBJNR.";Motif écart/confirmation, à transcoder si utilisé comme cause annulation.;A transcoder;Faible;ne pas renseigner
clean_data;jt_task;source_connection_lu_name;Nom UL connexion source;#N/A;VARCHAR2;4000;FALSE;FALSE;YES;;;;;"Pas de mapping SAP proposé à ce stade; champ IFS à laisser vide ou alimenté par défaut/système selon validation métier.";Non mappé;;ne pas renseigner
clean_data;jt_task;source_connection_lu_name_db;Nom UL connexion source;#N/A;VARCHAR2;20;FALSE;FALSE;YES;;Constante ou transcodification;Voir SOURCE_CONNECTION_LU_NAME;"AFVC opération centrale; AFKO via AFKO.AUFPL=AFVC.AUFPL; AFVV via AFVV.AUFPL=AFVC.AUFPL AND AFVV.APLZL=AFVC.APLZL; AFRU via AFRU.RUECK=AFVC.RUECK AND AFRU.RMZHL=AFVC.RMZHL ou AFRU.AUFPL/APLZL; CRHD via CRHD.OBJID=AFVC.ARBID AND CRHD.WERKS=AFVC.WERKS; JEST/JCDS via OBJNR.";Valeur DB/code du champ SOURCE_CONNECTION_LU_NAME. A renseigner seulement si IFS l’exige.;A valider;Faible;ne pas renseigner
clean_data;jt_task;source_connection_rowkey;Clé interne connexion source;#N/A;VARCHAR2;50;FALSE;FALSE;YES;;;;;"Pas de mapping SAP proposé à ce stade; champ IFS à laisser vide ou alimenté par défaut/système selon validation métier.";Non mappé;;ne pas renseigner
clean_data;jt_task;reported_connection_type;Type connexion déclarée;Ce champ indique l'origine de l'opération de bon de travail et si l'objet déclaré est un objet de type Equipement, VIM, Actif linéaire, Unité compatible, Catégorie, Conception ou Outil/Equipement. Lors de la création d'une opération de bon de travail sur cette page, seules les connexions de type **EQUIPEMENT**, **CATEGORIE**, **OUTIL/EQUIPEMENT** ou **ACTIF LINEAIRE** peuvent être utilisées. Les types de connexion déclarée possibles sont : **EQUIPEMENT**, **VIM**, **ACTIF LINEAIRE**, **UNITE COMPATIBLE**, **CATEGORIE**, **OBJET DE CONCEPTION**, **GROUPE DE TRAVAIL** et **OUTIL/EQUIPEMENT**.;VARCHAR2;4000;FALSE;FALSE;YES;;;;;"Pas de mapping SAP proposé à ce stade; champ IFS à laisser vide ou alimenté par défaut/système selon validation métier.";Non mappé;;ne pas renseigner
clean_data;jt_task;reported_connection_type_db;Type connexion déclarée;Ce champ indique l'origine de l'opération de bon de travail et si l'objet déclaré est un objet de type Equipement, VIM, Actif linéaire, Unité compatible, Catégorie, Conception ou Outil/Equipement. Lors de la création d'une opération de bon de travail sur cette page, seules les connexions de type **EQUIPEMENT**, **CATEGORIE**, **OUTIL/EQUIPEMENT** ou **ACTIF LINEAIRE** peuvent être utilisées. Les types de connexion déclarée possibles sont : **EQUIPEMENT**, **VIM**, **ACTIF LINEAIRE**, **UNITE COMPATIBLE**, **CATEGORIE**, **OBJET DE CONCEPTION**, **GROUPE DE TRAVAIL** et **OUTIL/EQUIPEMENT**.;VARCHAR2;20;FALSE;FALSE;YES;;Constante ou transcodification;Voir REPORTED_CONNECTION_TYPE;"AFVC opération centrale; AFKO via AFKO.AUFPL=AFVC.AUFPL; AFVV via AFVV.AUFPL=AFVC.AUFPL AND AFVV.APLZL=AFVC.APLZL; AFRU via AFRU.RUECK=AFVC.RUECK AND AFRU.RMZHL=AFVC.RMZHL ou AFRU.AUFPL/APLZL; CRHD via CRHD.OBJID=AFVC.ARBID AND CRHD.WERKS=AFVC.WERKS; JEST/JCDS via OBJNR.";Valeur DB/code du champ REPORTED_CONNECTION_TYPE. A renseigner seulement si IFS l’exige.;A valider;Faible;"""EQUIPMENT"""
clean_data;jt_task;reported_obj_conn_lu_name;Nom UL connectée obj déclaré;#N/A;VARCHAR2;4000;FALSE;FALSE;YES;;;;;"Pas de mapping SAP proposé à ce stade; champ IFS à laisser vide ou alimenté par défaut/système selon validation métier.";Non mappé;;ne pas renseigner
clean_data;jt_task;reported_obj_conn_lu_name_db;Nom UL connectée obj déclaré;#N/A;VARCHAR2;20;FALSE;FALSE;YES;;Constante ou transcodification;Voir REPORTED_OBJ_CONN_LU_NAME;"AFVC opération centrale; AFKO via AFKO.AUFPL=AFVC.AUFPL; AFVV via AFVV.AUFPL=AFVC.AUFPL AND AFVV.APLZL=AFVC.APLZL; AFRU via AFRU.RUECK=AFVC.RUECK AND AFRU.RMZHL=AFVC.RMZHL ou AFRU.AUFPL/APLZL; CRHD via CRHD.OBJID=AFVC.ARBID AND CRHD.WERKS=AFVC.WERKS; JEST/JCDS via OBJNR.";Valeur DB/code du champ REPORTED_OBJ_CONN_LU_NAME. A renseigner seulement si IFS l’exige.;A valider;Faible;"""EquipmentObject"""
clean_data;jt_task;reported_obj_conn_rowkey;Clé ligne connectée obj déclaré;#N/A;VARCHAR2;50;FALSE;FALSE;YES;;;;;"Pas de mapping SAP proposé à ce stade; champ IFS à laisser vide ou alimenté par défaut/système selon validation métier.";Non mappé;;ne pas renseigner
clean_data;jt_task;actual_connection_type;Type connexion réelle;Ce champ indique le type d'objet sur lequel le travail lié à l'opération de bon de travail est réellement effectué. Selon le type de connexion réelle, l'ID objet réel peut être un objet de type Equipement, VIM, Actif linéaire, Unité compatible, Catégorie, Conception ou Outil/Equipement. Les types de connexion réelle possibles sont : **EQUIPEMENT**, **VIM**, **ACTIF LINEAIRE**, **UNITE COMPATIBLE**, **CATEGORIE**, **OBJET DE CONCEPTION**, **GROUPE DE TRAVAIL** et **OUTIL/EQUIPEMENT**. Ce champ ne peut être modifié que lorsque le type de connexion indiqué est **EQUIPEMENT**, **ACTIF LINEAIRE** ou **CATEGORIE**.;VARCHAR2;4000;FALSE;FALSE;YES;;;;;"Pas de mapping SAP proposé à ce stade; champ IFS à laisser vide ou alimenté par défaut/système selon validation métier.";Non mappé;;ne pas renseigner
clean_data;jt_task;actual_connection_type_db;Type connexion réelle;Ce champ indique le type d'objet sur lequel le travail lié à l'opération de bon de travail est réellement effectué. Selon le type de connexion réelle, l'ID objet réel peut être un objet de type Equipement, VIM, Actif linéaire, Unité compatible, Catégorie, Conception ou Outil/Equipement. Les types de connexion réelle possibles sont : **EQUIPEMENT**, **VIM**, **ACTIF LINEAIRE**, **UNITE COMPATIBLE**, **CATEGORIE**, **OBJET DE CONCEPTION**, **GROUPE DE TRAVAIL** et **OUTIL/EQUIPEMENT**. Ce champ ne peut être modifié que lorsque le type de connexion indiqué est **EQUIPEMENT**, **ACTIF LINEAIRE** ou **CATEGORIE**.;VARCHAR2;20;FALSE;FALSE;YES;;Constante ou transcodification;Voir ACTUAL_CONNECTION_TYPE;"AFVC opération centrale; AFKO via AFKO.AUFPL=AFVC.AUFPL; AFVV via AFVV.AUFPL=AFVC.AUFPL AND AFVV.APLZL=AFVC.APLZL; AFRU via AFRU.RUECK=AFVC.RUECK AND AFRU.RMZHL=AFVC.RMZHL ou AFRU.AUFPL/APLZL; CRHD via CRHD.OBJID=AFVC.ARBID AND CRHD.WERKS=AFVC.WERKS; JEST/JCDS via OBJNR.";Valeur DB/code du champ ACTUAL_CONNECTION_TYPE. A renseigner seulement si IFS l’exige.;A valider;Faible;"""EQUIPMENT"""
clean_data;jt_task;actual_obj_conn_lu_name;Nom UL connectée obj réel;#N/A;VARCHAR2;4000;FALSE;FALSE;YES;;;;;"Pas de mapping SAP proposé à ce stade; champ IFS à laisser vide ou alimenté par défaut/système selon validation métier.";Non mappé;;ne pas renseigner
clean_data;jt_task;actual_obj_conn_lu_name_db;Nom UL connectée obj réel;#N/A;VARCHAR2;20;FALSE;FALSE;YES;;Constante ou transcodification;Voir ACTUAL_OBJ_CONN_LU_NAME;"AFVC opération centrale; AFKO via AFKO.AUFPL=AFVC.AUFPL; AFVV via AFVV.AUFPL=AFVC.AUFPL AND AFVV.APLZL=AFVC.APLZL; AFRU via AFRU.RUECK=AFVC.RUECK AND AFRU.RMZHL=AFVC.RMZHL ou AFRU.AUFPL/APLZL; CRHD via CRHD.OBJID=AFVC.ARBID AND CRHD.WERKS=AFVC.WERKS; JEST/JCDS via OBJNR.";Valeur DB/code du champ ACTUAL_OBJ_CONN_LU_NAME. A renseigner seulement si IFS l’exige.;A valider;Faible;"""EquipmentObject"""
clean_data;jt_task;actual_obj_conn_rowkey;Clé interne connectée obj réel;#N/A;VARCHAR2;50;FALSE;FALSE;YES;;;;;"Pas de mapping SAP proposé à ce stade; champ IFS à laisser vide ou alimenté par défaut/système selon validation métier.";Non mappé;;ne pas renseigner
clean_data;jt_task;operational_status_id;Statut opérationnel;Statut opérationnel de l'objet lorsque le travail est exécuté. Ce champ est lié à ***Bon de travail et données de base MP/Statut opérationnel*** et n'accepte que les valeurs qui y sont saisies.;VARCHAR2;3;FALSE;FALSE;YES;;JEST;STAT;"AFVC opération centrale; AFKO via AFKO.AUFPL=AFVC.AUFPL; AFVV via AFVV.AUFPL=AFVC.AUFPL AND AFVV.APLZL=AFVC.APLZL; AFRU via AFRU.RUECK=AFVC.RUECK AND AFRU.RMZHL=AFVC.RMZHL ou AFRU.AUFPL/APLZL; CRHD via CRHD.OBJID=AFVC.ARBID AND CRHD.WERKS=AFVC.WERKS; JEST/JCDS via OBJNR.";"Statut actif opération via AFVC.OBJNR = JEST.OBJNR and JEST.INACT <> X; transcodifier statut SAP -> statut opérationnel IFS.";A transcoder;Moyenne;ne pas renseigner
clean_data;jt_task;test_point_seq;Séq point test;#N/A;NUMBER;20;FALSE;FALSE;YES;;;;;"Pas de mapping SAP proposé à ce stade; champ IFS à laisser vide ou alimenté par défaut/système selon validation métier.";Non mappé;;ne pas renseigner
clean_data;jt_task;error_cause_long;Détails cause défaut;#N/A;VARCHAR2;2000;FALSE;FALSE;YES;;QMFE/QMEL;Non disponible raw_data;"AFVC opération centrale; AFKO via AFKO.AUFPL=AFVC.AUFPL; AFVV via AFVV.AUFPL=AFVC.AUFPL AND AFVV.APLZL=AFVC.APLZL; AFRU via AFRU.RUECK=AFVC.RUECK AND AFRU.RMZHL=AFVC.RMZHL ou AFRU.AUFPL/APLZL; CRHD via CRHD.OBJID=AFVC.ARBID AND CRHD.WERKS=AFVC.WERKS; JEST/JCDS via OBJNR.";Données panne/défaut non disponibles actuellement dans raw_data.;Manquant source;;ne pas renseigner
clean_data;jt_task;error_type;Type de défaut;ID du type de défaut. L'identité peut être utilisée dans ***Rapport du bon de travail*** pour indiquer le type de défaut de l'action sur le bon de travail.;VARCHAR2;3;FALSE;FALSE;YES;;QMFE/QMEL;Non disponible raw_data;"AFVC opération centrale; AFKO via AFKO.AUFPL=AFVC.AUFPL; AFVV via AFVV.AUFPL=AFVC.AUFPL AND AFVV.APLZL=AFVC.APLZL; AFRU via AFRU.RUECK=AFVC.RUECK AND AFRU.RMZHL=AFVC.RMZHL ou AFRU.AUFPL/APLZL; CRHD via CRHD.OBJID=AFVC.ARBID AND CRHD.WERKS=AFVC.WERKS; JEST/JCDS via OBJNR.";Type erreur depuis avis maintenance si extraction QMEL/QMFE ajoutée.;Manquant source;;ne pas renseigner
clean_data;jt_task;error_class;ID classe;Identité du motif du défaut utilisée pour la classification du défaut signalé;VARCHAR2;3;FALSE;FALSE;YES;;QMFE/QMEL;Non disponible raw_data;"AFVC opération centrale; AFKO via AFKO.AUFPL=AFVC.AUFPL; AFVV via AFVV.AUFPL=AFVC.AUFPL AND AFVV.APLZL=AFVC.APLZL; AFRU via AFRU.RUECK=AFVC.RUECK AND AFRU.RMZHL=AFVC.RMZHL ou AFRU.AUFPL/APLZL; CRHD via CRHD.OBJID=AFVC.ARBID AND CRHD.WERKS=AFVC.WERKS; JEST/JCDS via OBJNR.";Classe erreur depuis avis maintenance si extraction ajoutée.;Manquant source;;ne pas renseigner
clean_data;jt_task;error_discover_code;ID découverte;Code détection qui affiche comment le défaut a été découvert. Ce champ est lié aux valeurs définies sur la page **Bon de travail** et **Données de base MP/Détections** et n'accepte que les valeurs qui y sont saisies.;VARCHAR2;3;FALSE;FALSE;YES;;QMFE/QMEL;Non disponible raw_data;"AFVC opération centrale; AFKO via AFKO.AUFPL=AFVC.AUFPL; AFVV via AFVV.AUFPL=AFVC.AUFPL AND AFVV.APLZL=AFVC.APLZL; AFRU via AFRU.RUECK=AFVC.RUECK AND AFRU.RMZHL=AFVC.RMZHL ou AFRU.AUFPL/APLZL; CRHD via CRHD.OBJID=AFVC.ARBID AND CRHD.WERKS=AFVC.WERKS; JEST/JCDS via OBJNR.";Code découverte défaut depuis avis maintenance si extraction ajoutée.;Manquant source;;ne pas renseigner
clean_data;jt_task;error_symptom;ID symptôme;Code du symptôme. Le code peut être utilisé pour indiquer les symptômes du défaut signalé. Ce champ est lié à ***Symptômes*** et accepte uniquement les valeurs qui y sont saisies. Utilisez la Liste de valeurs pour sélectionner la valeur adéquate.;VARCHAR2;3;FALSE;FALSE;YES;;QMFE/QMEL;Non disponible raw_data;"AFVC opération centrale; AFKO via AFKO.AUFPL=AFVC.AUFPL; AFVV via AFVV.AUFPL=AFVC.AUFPL AND AFVV.APLZL=AFVC.APLZL; AFRU via AFRU.RUECK=AFVC.RUECK AND AFRU.RMZHL=AFVC.RMZHL ou AFRU.AUFPL/APLZL; CRHD via CRHD.OBJID=AFVC.ARBID AND CRHD.WERKS=AFVC.WERKS; JEST/JCDS via OBJNR.";Symptôme défaut depuis avis maintenance si extraction ajoutée.;Manquant source;;ne pas renseigner
clean_data;jt_task;item_class_id;ID classe élément;Identité de la classe d'élément utilisée pour contenir les données d'analyse des échecs. Une classe d'élément peut contenir des données telles que les composants défaillants, les causes, les symptômes, les actions correctives, les fonctions et les types de défaut.;VARCHAR2;10;FALSE;FALSE;YES;;;;;"Pas de mapping SAP proposé à ce stade; champ IFS à laisser vide ou alimenté par défaut/système selon validation métier.";Non mappé;;ne pas renseigner
clean_data;jt_task;error_cause;Raison;Une ou plusieurs conditions résultant en défaillances de conception ou de fabrication Les défaillances principales ont seulement une cause, mais la plupart en ont plusieurs.;VARCHAR2;3;FALSE;FALSE;YES;;QMFE/QMEL;Non disponible raw_data;"AFVC opération centrale; AFKO via AFKO.AUFPL=AFVC.AUFPL; AFVV via AFVV.AUFPL=AFVC.AUFPL AND AFVV.APLZL=AFVC.APLZL; AFRU via AFRU.RUECK=AFVC.RUECK AND AFRU.RMZHL=AFVC.RMZHL ou AFRU.AUFPL/APLZL; CRHD via CRHD.OBJID=AFVC.ARBID AND CRHD.WERKS=AFVC.WERKS; JEST/JCDS via OBJNR.";Cause défaut depuis avis maintenance si extraction ajoutée.;Manquant source;;ne pas renseigner
clean_data;jt_task;item_class_function;Fonction;La fonction, le processus ou le fonctionnement de l'élément analysé dans le cadre de l'AMDEC.;VARCHAR2;35;FALSE;FALSE;YES;;;;;"Pas de mapping SAP proposé à ce stade; champ IFS à laisser vide ou alimenté par défaut/système selon validation métier.";Non mappé;;ne pas renseigner
clean_data;jt_task;failing_component;Composant défaillant;Identité du composant dans lequel un défaut peut survenir. Un seul composant défaillant peut être connecté à chaque motif dans la structure d'analyse des défaillances.;VARCHAR2;200;FALSE;FALSE;YES;;RESB/QMFE;Non disponible raw_data;"AFVC opération centrale; AFKO via AFKO.AUFPL=AFVC.AUFPL; AFVV via AFVV.AUFPL=AFVC.AUFPL AND AFVV.APLZL=AFVC.APLZL; AFRU via AFRU.RUECK=AFVC.RUECK AND AFRU.RMZHL=AFVC.RMZHL ou AFRU.AUFPL/APLZL; CRHD via CRHD.OBJID=AFVC.ARBID AND CRHD.WERKS=AFVC.WERKS; JEST/JCDS via OBJNR.";Composant en panne: nécessite RESB ou avis défaut.;Manquant source;;ne pas renseigner
clean_data;jt_task;performed_action_id;Action exécutée;Affiche le type et la description de l'action saisie pour classification du défaut corrigé sur l'opération de bon de travail.;VARCHAR2;3;FALSE;FALSE;YES;;AFRU;GRUND ou ZCODE;"AFVC opération centrale; AFKO via AFKO.AUFPL=AFVC.AUFPL; AFVV via AFVV.AUFPL=AFVC.AUFPL AND AFVV.APLZL=AFVC.APLZL; AFRU via AFRU.RUECK=AFVC.RUECK AND AFRU.RMZHL=AFVC.RMZHL ou AFRU.AUFPL/APLZL; CRHD via CRHD.OBJID=AFVC.ARBID AND CRHD.WERKS=AFVC.WERKS; JEST/JCDS via OBJNR.";"Code action réalisé si disponible; à transcoder.";A transcoder;Faible;ne pas renseigner
clean_data;jt_task;performed_work;Travail exécuté;Ce champ peut être utilisé pour saisir des informations sur le travail qui a été effectué sur l'opération de bon de travail.;VARCHAR2;2000;FALSE;FALSE;YES;;AFRU;LTXA1;"AFVC opération centrale; AFKO via AFKO.AUFPL=AFVC.AUFPL; AFVV via AFVV.AUFPL=AFVC.AUFPL AND AFVV.APLZL=AFVC.APLZL; AFRU via AFRU.RUECK=AFVC.RUECK AND AFRU.RMZHL=AFVC.RMZHL ou AFRU.AUFPL/APLZL; CRHD via CRHD.OBJID=AFVC.ARBID AND CRHD.WERKS=AFVC.WERKS; JEST/JCDS via OBJNR.";Travail réalisé depuis texte de confirmation.;Proposé;Moyenne;ne pas renseigner
clean_data;jt_task;customer_no;N° client;Le nom abrégé ou le numéro d'identification du client. Vous pouvez saisir cette valeur manuellement ou sélectionner le client dans la Liste de valeurs.;VARCHAR2;20;FALSE;FALSE;YES;;;;;Pas de client standard dans AFVC/AFKO pour PM interne.;Non mappé;;ne pas renseigner
clean_data;jt_task;vendor_no;Contractant;Identité de l'entrepreneur ou du fournisseur de travail externe qui exécute le travail.;VARCHAR2;20;FALSE;FALSE;YES;;AFVC;LIFNR;"AFVC opération centrale; AFKO via AFKO.AUFPL=AFVC.AUFPL; AFVV via AFVV.AUFPL=AFVC.AUFPL AND AFVV.APLZL=AFVC.APLZL; AFRU via AFRU.RUECK=AFVC.RUECK AND AFRU.RMZHL=AFVC.RMZHL ou AFRU.AUFPL/APLZL; CRHD via CRHD.OBJID=AFVC.ARBID AND CRHD.WERKS=AFVC.WERKS; JEST/JCDS via OBJNR.";Fournisseur si opération externe/sous-traitée.;Proposé;Forte;ne pas renseigner
clean_data;jt_task;contract_id;N° Contrat;Identité du contrat de location. Il est au format alphanumérique. Vous ne pouvez pas modifier l'identité après avoir sauvegardé les informations. Vous pouvez supprimer toutes les informations pour le contrat si l'information n'a pas été utilisée dans le système. L'identité de location doit être unique pour chaque société et ne peut pas exister dans ***IFS/Comptabilité location***.;VARCHAR2;15;FALSE;FALSE;YES;;;;;"Pas de mapping SAP proposé à ce stade; champ IFS à laisser vide ou alimenté par défaut/système selon validation métier.";Non mappé;;ne pas renseigner
clean_data;jt_task;line_no;N° ligne;Ordre de tri des événements généré par le système.;NUMBER;20;FALSE;FALSE;YES;;;;;"Pas de mapping SAP proposé à ce stade; champ IFS à laisser vide ou alimenté par défaut/système selon validation métier.";Non mappé;;ne pas renseigner
clean_data;jt_task;contact;Relation;Identité ou nom de la personne à contacter pour la demande de service ou le bon de travail. Lors d'une nouvelle saisie, saisissez les informations facultatives.;VARCHAR2;100;FALSE;FALSE;YES;;;;;Pas de source SAP standard identifiée dans les tables disponibles.;Non mappé;;ne pas renseigner
clean_data;jt_task;contact_phone_no;N° tél contact;#N/A;VARCHAR2;200;FALSE;FALSE;YES;;;;;Pas de source SAP standard identifiée dans les tables disponibles.;Non mappé;;ne pas renseigner
clean_data;jt_task;e_mail;!>E-mail;Adresse e-mail de l'utilisateur de l'organisation de support. Elle est automatiquement renseignée lors de la sélection de l'utilisateur.;VARCHAR2;100;FALSE;FALSE;YES;;;;;Pas de source SAP standard identifiée dans les tables disponibles.;Non mappé;;ne pas renseigner
clean_data;jt_task;cust_order_type;Type cde client;Type de commande client qui sera utilisé lors de la création de la commande client. Le type de commande client contrôle le processus de commande client et définit les étapes du processus de commande client qui sont exécutées automatiquement et celles qui sont exécutées manuellement. Les étapes sont définies dans la fenêtre données de base Type commande client. Le type de commande client SEO est utilisé et requis pour le processus de gestion des services.;VARCHAR2;3;FALSE;FALSE;YES;SEO;;;;"Pas de mapping SAP proposé à ce stade; champ IFS à laisser vide ou alimenté par défaut/système selon validation métier.";Non mappé;;"""SEO"""
clean_data;jt_task;currency_code;Code devise;Le code devise est un code ISO. La liste des valeurs affiche les codes ISO spécifiés dans ***Configuration d'IFS Cloud/Application Base***. Le nom de la devise est aussi affiché.;VARCHAR2;3;FALSE;FALSE;YES;;AFVC;WAERS;"AFVC opération centrale; AFKO via AFKO.AUFPL=AFVC.AUFPL; AFVV via AFVV.AUFPL=AFVC.AUFPL AND AFVV.APLZL=AFVC.APLZL; AFRU via AFRU.RUECK=AFVC.RUECK AND AFRU.RMZHL=AFVC.RMZHL ou AFRU.AUFPL/APLZL; CRHD via CRHD.OBJID=AFVC.ARBID AND CRHD.WERKS=AFVC.WERKS; JEST/JCDS via OBJNR.";Devise de l’opération externe si renseignée.;Proposé;Forte;"""EUR"""
clean_data;jt_task;delivery_address;Adresse livraison;Adresse de livraison du client à laquelle les marchandises seront envoyées. L'adresse de livraison par défaut spécifiée dans l'onglet ***Compte-CRM/Adresse*** est ajoutée automatiquement lorsque l'opportunité est créée.;VARCHAR2;50;FALSE;FALSE;YES;;;;;"Pas de mapping SAP proposé à ce stade; champ IFS à laisser vide ou alimenté par défaut/système selon validation métier.";Non mappé;;ne pas renseigner
clean_data;jt_task;cust_order_no;Numéro cde client;#N/A;VARCHAR2;12;FALSE;FALSE;YES;;;;;"Pas de mapping SAP proposé à ce stade; champ IFS à laisser vide ou alimenté par défaut/système selon validation métier.";Non mappé;;ne pas renseigner
clean_data;jt_task;authorize_code;Coordinateur;L'ID du coordinateur généralement responsable des dossiers du comité d'examen des produits (CEP).;VARCHAR2;20;FALSE;FALSE;YES;*;AFVC;AFNAM;"AFVC opération centrale; AFKO via AFKO.AUFPL=AFVC.AUFPL; AFVV via AFVV.AUFPL=AFVC.AUFPL AND AFVV.APLZL=AFVC.APLZL; AFRU via AFRU.RUECK=AFVC.RUECK AND AFRU.RMZHL=AFVC.RMZHL ou AFRU.AUFPL/APLZL; CRHD via CRHD.OBJID=AFVC.ARBID AND CRHD.WERKS=AFVC.WERKS; JEST/JCDS via OBJNR.";Demandeur/responsable achat, à confirmer.;A valider;Faible;"""*"""
clean_data;jt_task;reference_no;N° référence;Tout numéro de référence est utilisé pour relier des messages d'annonce d'expédition. Par exemple, lorsqu'une commande est divisée en plusieurs messages d'annonce d'expédition.;VARCHAR2;25;FALSE;FALSE;YES;;AFKO/AFVC;AUFNR + VORNR;"AFVC opération centrale; AFKO via AFKO.AUFPL=AFVC.AUFPL; AFVV via AFVV.AUFPL=AFVC.AUFPL AND AFVV.APLZL=AFVC.APLZL; AFRU via AFRU.RUECK=AFVC.RUECK AND AFRU.RMZHL=AFVC.RMZHL ou AFRU.AUFPL/APLZL; CRHD via CRHD.OBJID=AFVC.ARBID AND CRHD.WERKS=AFVC.WERKS; JEST/JCDS via OBJNR.";Référence lisible SAP: ordre + numéro opération.;Proposé;Forte;ne pas renseigner
clean_data;jt_task;cust_warr_type;Type de garantie client;#N/A;VARCHAR2;20;FALSE;FALSE;YES;;;;;"Pas de mapping SAP proposé à ce stade; champ IFS à laisser vide ou alimenté par défaut/système selon validation métier.";Non mappé;;ne pas renseigner
clean_data;jt_task;cust_warranty;Garantie client;#N/A;NUMBER;20;FALSE;FALSE;YES;;;;;"Pas de mapping SAP proposé à ce stade; champ IFS à laisser vide ou alimenté par défaut/système selon validation métier.";Non mappé;;ne pas renseigner
clean_data;jt_task;obj_cust_warranty;Garantie client obj;#N/A;NUMBER;20;FALSE;FALSE;YES;;;;;"Pas de mapping SAP proposé à ce stade; champ IFS à laisser vide ou alimenté par défaut/système selon validation métier.";Non mappé;;ne pas renseigner
clean_data;jt_task;sup_warr_type;Type garantie fournisseur;#N/A;VARCHAR2;20;FALSE;FALSE;YES;;;;;"Pas de mapping SAP proposé à ce stade; champ IFS à laisser vide ou alimenté par défaut/système selon validation métier.";Non mappé;;ne pas renseigner
clean_data;jt_task;sup_warranty;Garantie fourn.;#N/A;NUMBER;20;FALSE;FALSE;YES;;;;;"Pas de mapping SAP proposé à ce stade; champ IFS à laisser vide ou alimenté par défaut/système selon validation métier.";Non mappé;;ne pas renseigner
clean_data;jt_task;obj_sup_warranty;Garantie fourn obj;#N/A;NUMBER;20;FALSE;FALSE;YES;;;;;"Pas de mapping SAP proposé à ce stade; champ IFS à laisser vide ou alimenté par défaut/système selon validation métier.";Non mappé;;ne pas renseigner
clean_data;jt_task;contractor_owner;Coordinateur contractant;Identité du coordinateur du contractant auquel l'opération de bon de travail est sous-traitée/attribué.;VARCHAR2;20;FALSE;FALSE;YES;;AFVC;LIFNR;"AFVC opération centrale; AFKO via AFKO.AUFPL=AFVC.AUFPL; AFVV via AFVV.AUFPL=AFVC.AUFPL AND AFVV.APLZL=AFVC.APLZL; AFRU via AFRU.RUECK=AFVC.RUECK AND AFRU.RMZHL=AFVC.RMZHL ou AFRU.AUFPL/APLZL; CRHD via CRHD.OBJID=AFVC.ARBID AND CRHD.WERKS=AFVC.WERKS; JEST/JCDS via OBJNR.";Prestataire/fournisseur propriétaire si opération externe.;A valider;Moyenne;ne pas renseigner
clean_data;jt_task;job_id;ID tâche;Un numéro d'identification interne de la tâche de fond. Ce numéro est automatiquement attribué par IFS Cloud.;NUMBER;20;FALSE;FALSE;YES;;;;;"Pas de mapping SAP proposé à ce stade; champ IFS à laisser vide ou alimenté par défaut/système selon validation métier.";Non mappé;;ne pas renseigner
clean_data;jt_task;maint_team_site;Site équipe maint.;#N/A;VARCHAR2;5;FALSE;FALSE;YES;SJM;AFVC;WERKS;"AFVC opération centrale; AFKO via AFKO.AUFPL=AFVC.AUFPL; AFVV via AFVV.AUFPL=AFVC.AUFPL AND AFVV.APLZL=AFVC.APLZL; AFRU via AFRU.RUECK=AFVC.RUECK AND AFRU.RMZHL=AFVC.RMZHL ou AFRU.AUFPL/APLZL; CRHD via CRHD.OBJID=AFVC.ARBID AND CRHD.WERKS=AFVC.WERKS; JEST/JCDS via OBJNR.";Site équipe maintenance, transcodifier WERKS -> site IFS.;Proposé;Moyenne;SJM ou CAST
clean_data;jt_task;team_id;ID équipe;ID de l'équipe. Si une équipe est saisie, les opérations du bon de travail non affectées ayant les exigences de cette équipe s'afficheront dans la page ***Portails techniques/Tâches non affectées***. La saisie d'une valeur dans ce champ est facultative. Utilisez la liste de valeurs pour sélectionner une valeur valide.;VARCHAR2;100;FALSE;FALSE;YES;;CRHD;ARBPL;"AFVC opération centrale; AFKO via AFKO.AUFPL=AFVC.AUFPL; AFVV via AFVV.AUFPL=AFVC.AUFPL AND AFVV.APLZL=AFVC.APLZL; AFRU via AFRU.RUECK=AFVC.RUECK AND AFRU.RMZHL=AFVC.RMZHL ou AFRU.AUFPL/APLZL; CRHD via CRHD.OBJID=AFVC.ARBID AND CRHD.WERKS=AFVC.WERKS; JEST/JCDS via OBJNR.";Equipe/poste de travail SAP, transcodifier vers équipe IFS si référentiel existe.;A transcoder;Moyenne;ne pas renseigner
clean_data;jt_task;pre_accounting_id;ID précompta.;#N/A;NUMBER;20;FALSE;FALSE;NO;;;;;"Pas de mapping SAP proposé à ce stade; champ IFS à laisser vide ou alimenté par défaut/système selon validation métier.";Non mappé;;ne pas renseigner
clean_data;jt_task;note_id;ID note;#N/A;NUMBER;20;FALSE;FALSE;NO;;;;;"Pas de mapping SAP proposé à ce stade; champ IFS à laisser vide ou alimenté par défaut/système selon validation métier.";Non mappé;;ne pas renseigner
clean_data;jt_task;source_ref1;Réf d'origine 1;"Référence à l'origine, en fonction du type de référence de l'origine. Par exemple, le numéro d'ordre de fabrication est affiché si la référence d'origine est de type Commande d'achat.

Remarque : applicable aux ordres de fabrication ouverts, rattachés à l'unité de manutention. Une fois les articles reçus en stock, la référence est effacée.";VARCHAR2;30;FALSE;FALSE;YES;;AFKO;AUFNR;"AFVC opération centrale; AFKO via AFKO.AUFPL=AFVC.AUFPL; AFVV via AFVV.AUFPL=AFVC.AUFPL AND AFVV.APLZL=AFVC.APLZL; AFRU via AFRU.RUECK=AFVC.RUECK AND AFRU.RMZHL=AFVC.RMZHL ou AFRU.AUFPL/APLZL; CRHD via CRHD.OBJID=AFVC.ARBID AND CRHD.WERKS=AFVC.WERKS; JEST/JCDS via OBJNR.";Référence source 1: ordre SAP.;Proposé;Forte;ne pas renseigner
clean_data;jt_task;source_ref2;Réf d'origine 2;"Référence à l'origine, en fonction du type de référence de l'origine. Par exemple, le numéro de libération de l'ordre de fabrication est affiché si la référence d'origine est de type Commande d'achat.

Remarque : applicable aux ordres de fabrication ouverts, rattachés à l'unité de manutention. Une fois les articles reçus en stock, la référence est effacée.";VARCHAR2;30;FALSE;FALSE;YES;;AFVC;VORNR;"AFVC opération centrale; AFKO via AFKO.AUFPL=AFVC.AUFPL; AFVV via AFVV.AUFPL=AFVC.AUFPL AND AFVV.APLZL=AFVC.APLZL; AFRU via AFRU.RUECK=AFVC.RUECK AND AFRU.RMZHL=AFVC.RMZHL ou AFRU.AUFPL/APLZL; CRHD via CRHD.OBJID=AFVC.ARBID AND CRHD.WERKS=AFVC.WERKS; JEST/JCDS via OBJNR.";Référence source 2: numéro opération SAP.;Proposé;Forte;ne pas renseigner
clean_data;jt_task;source_ref3;Réf d'origine 3;"Référence à l'origine, le cas échéant. Les données spécifiques affichées sont liées à la valeur dans la colonne Type référence origine. Par exemple, le numéro de séquence d'ordre de fabrication est affiché si la référence d'origine est de type Commande d'achat.

Remarque : applicable aux ordres de fabrication ouverts, rattachés à l'unité de manutention. Une fois les articles reçus en stock, la référence est effacée.";VARCHAR2;30;FALSE;FALSE;YES;;AFVC;AUFPL;"AFVC opération centrale; AFKO via AFKO.AUFPL=AFVC.AUFPL; AFVV via AFVV.AUFPL=AFVC.AUFPL AND AFVV.APLZL=AFVC.APLZL; AFRU via AFRU.RUECK=AFVC.RUECK AND AFRU.RMZHL=AFVC.RMZHL ou AFRU.AUFPL/APLZL; CRHD via CRHD.OBJID=AFVC.ARBID AND CRHD.WERKS=AFVC.WERKS; JEST/JCDS via OBJNR.";Référence source 3: numéro gamme/routing ordre.;Proposé;Forte;ne pas renseigner
clean_data;jt_task;source_ref4;Réf d'origine 4;Selon le type d'ordre, une référence de l'origine est indiquée. Le numéro de ligne d'article est affiché pour les ordres de fabrication et les bons de travaux. Le numéro de séquence de demande diverse est affiché pour les projets. Le numéro d'élément est affiché pour les éléments de livraison de projet.;VARCHAR2;30;FALSE;FALSE;YES;;AFVC;APLZL;"AFVC opération centrale; AFKO via AFKO.AUFPL=AFVC.AUFPL; AFVV via AFVV.AUFPL=AFVC.AUFPL AND AFVV.APLZL=AFVC.APLZL; AFRU via AFRU.RUECK=AFVC.RUECK AND AFRU.RMZHL=AFVC.RMZHL ou AFRU.AUFPL/APLZL; CRHD via CRHD.OBJID=AFVC.ARBID AND CRHD.WERKS=AFVC.WERKS; JEST/JCDS via OBJNR.";Référence source 4: compteur opération.;Proposé;Forte;ne pas renseigner
clean_data;jt_task;master_task_seq;Tâche maître;#N/A;NUMBER;20;FALSE;FALSE;YES;;;;;"Pas de mapping SAP proposé à ce stade; champ IFS à laisser vide ou alimenté par défaut/système selon validation métier.";Non mappé;;ne pas renseigner
clean_data;jt_task;duplicate_type;Type duplicata;Type de duplication pour l'opération de bon de travail. Les valeurs valides sont **Maître** et **Double**.;VARCHAR2;4000;FALSE;FALSE;YES;;;;;"Pas de mapping SAP proposé à ce stade; champ IFS à laisser vide ou alimenté par défaut/système selon validation métier.";Non mappé;;ne pas renseigner
clean_data;jt_task;duplicate_type_db;Type duplicata;Type de duplication pour l'opération de bon de travail. Les valeurs valides sont **Maître** et **Double**.;VARCHAR2;20;FALSE;FALSE;YES;;Constante ou transcodification;Voir DUPLICATE_TYPE;"AFVC opération centrale; AFKO via AFKO.AUFPL=AFVC.AUFPL; AFVV via AFVV.AUFPL=AFVC.AUFPL AND AFVV.APLZL=AFVC.APLZL; AFRU via AFRU.RUECK=AFVC.RUECK AND AFRU.RMZHL=AFVC.RMZHL ou AFRU.AUFPL/APLZL; CRHD via CRHD.OBJID=AFVC.ARBID AND CRHD.WERKS=AFVC.WERKS; JEST/JCDS via OBJNR.";Valeur DB/code du champ DUPLICATE_TYPE. A renseigner seulement si IFS l’exige.;A valider;Faible;ne pas renseigner
clean_data;jt_task;cost_code;Code coût;Identité du code de coût. L'identité est utilisée lorsque vous déclarez un coût sur une opération de bon de travail.;VARCHAR2;50;FALSE;FALSE;YES;;AFVC;SAKTO;"AFVC opération centrale; AFKO via AFKO.AUFPL=AFVC.AUFPL; AFVV via AFVV.AUFPL=AFVC.AUFPL AND AFVV.APLZL=AFVC.APLZL; AFRU via AFRU.RUECK=AFVC.RUECK AND AFRU.RMZHL=AFVC.RMZHL ou AFRU.AUFPL/APLZL; CRHD via CRHD.OBJID=AFVC.ARBID AND CRHD.WERKS=AFVC.WERKS; JEST/JCDS via OBJNR.";"Compte général/coût opération externe; alternatives PRCTR/GSBER/FUNC_AREA selon besoin IFS.";A valider;Moyenne;ne pas renseigner
clean_data;jt_task;project_id;ID projet;Identifiant du projet associé à l'unité compatible. Utilisez la liste de valeurs pour sélectionner un projet adéquat parmi les projets appartenant à la société à laquelle l'unité compatible est associée. Les projets sont créés dans ***Bases du projet/Programme du projet***.;VARCHAR2;4000;FALSE;FALSE;NO;;AFVC;PROJN ou PSPNR;"AFVC opération centrale; AFKO via AFKO.AUFPL=AFVC.AUFPL; AFVV via AFVV.AUFPL=AFVC.AUFPL AND AFVV.APLZL=AFVC.APLZL; AFRU via AFRU.RUECK=AFVC.RUECK AND AFRU.RMZHL=AFVC.RMZHL ou AFRU.AUFPL/APLZL; CRHD via CRHD.OBJID=AFVC.ARBID AND CRHD.WERKS=AFVC.WERKS; JEST/JCDS via OBJNR.";Projet/WBS si opération liée projet.;Proposé;Moyenne;ne pas renseigner
clean_data;jt_task;activity_seq;Séq activité;Le numéro de séquence de l'activité de projet d'approvisionnement liée à l'élément d'exécution de l'unité compatible.;NUMBER;20;FALSE;FALSE;NO;;;;;"Pas de mapping SAP proposé à ce stade; champ IFS à laisser vide ou alimenté par défaut/système selon validation métier.";Non mappé;;ne pas renseigner
clean_data;jt_task;quotation_no;N° d'offre;Le numéro d'identification du devis commercial. Quand vous saisissez un nouveau devis, vous pouvez saisir manuellement le numéro de devis ou laisser le système créer le numéro automatiquement. L'ID du groupe des coordinateurs et la série de numéros utilisée sont déterminés par le groupe de coordinateurs de l'utilisateur. Dès que le devis est créé, le numéro ne peut pas être changé.;VARCHAR2;12;FALSE;FALSE;YES;;;;;"Pas de mapping SAP proposé à ce stade; champ IFS à laisser vide ou alimenté par défaut/système selon validation métier.";Non mappé;;ne pas renseigner
clean_data;jt_task;quotation_rev;Rév. devis;Numéro de révision du devis de service. Le numéro de révision est généré lorsque le devis est créé ou lorsqu’une nouvelle révision est générée. C'est un numéro séquentiel qui commence par 1 pour chaque devis et est incrémenté de 1. Il ne peut pas être modifié manuellement.;NUMBER;20;FALSE;FALSE;YES;;;;;"Pas de mapping SAP proposé à ce stade; champ IFS à laisser vide ou alimenté par défaut/système selon validation métier.";Non mappé;;ne pas renseigner
clean_data;jt_task;quo_task_seq;Séq tâche devis;#N/A;NUMBER;20;FALSE;FALSE;YES;;;;;"Pas de mapping SAP proposé à ce stade; champ IFS à laisser vide ou alimenté par défaut/système selon validation métier.";Non mappé;;ne pas renseigner
clean_data;jt_task;mobile_task_id;ID tâche mobile;ID de l'opération de bon de travail dans le client mobile.;VARCHAR2;50;FALSE;FALSE;YES;;;;;"Pas de mapping SAP proposé à ce stade; champ IFS à laisser vide ou alimenté par défaut/système selon validation métier.";Non mappé;;ne pas renseigner
clean_data;jt_task;inspection_note;Note de contrôle;Note de contrôle saisie sur l'opération BT ou l'étape de l'opération BT dans le bon de travail généré pour l'action MP. Cette note de contrôle s'affichera sur la ligne du plan de maintenance correspondant à l'opération BT ou à l'étape de l'opération BT. Si la case **Générer notes** est cochée avec les notes de contrôle sur l'opération BT ou à l'étape de l'opération BT, la note de contrôle sera également incluse à l'opération BT correspondante ou à l'étape de l'opération BT dans le bon de travail suivant.;VARCHAR2;2000;FALSE;FALSE;YES;;;;;"Pas de mapping SAP proposé à ce stade; champ IFS à laisser vide ou alimenté par défaut/système selon validation métier.";Non mappé;;ne pas renseigner
clean_data;jt_task;generate_note;Générer note;Indique si le texte figurant dans le champ **Note de contrôle**, qui a été transféré de l'opération de bon de travail ou de l'étape de l'opération de bon de travail vers ***Plan de maintenance*** sur la page ***Action MP***, sera aussi inclus dans le prochain bon de travail généré pour l'action MP.;VARCHAR2;5;FALSE;FALSE;YES;;;;;"Pas de mapping SAP proposé à ce stade; champ IFS à laisser vide ou alimenté par défaut/système selon validation métier.";Non mappé;;"""FALSE"""
clean_data;jt_task;work_stage_id;ID étape travail;Etape de travail du **bon de travail**. Celle-ci est extraite de la **tâche standard** et peut être modifiée ici.;VARCHAR2;20;FALSE;FALSE;YES;;AFVC;STEUS;"AFVC opération centrale; AFKO via AFKO.AUFPL=AFVC.AUFPL; AFVV via AFVV.AUFPL=AFVC.AUFPL AND AFVV.APLZL=AFVC.APLZL; AFRU via AFRU.RUECK=AFVC.RUECK AND AFRU.RMZHL=AFVC.RMZHL ou AFRU.AUFPL/APLZL; CRHD via CRHD.OBJID=AFVC.ARBID AND CRHD.WERKS=AFVC.WERKS; JEST/JCDS via OBJNR.";"Stade/type d’opération proposé depuis clé de contrôle; nécessite transcodification.";A transcoder;Faible;ne pas renseigner
clean_data;jt_task;pm_group_id;ID groupe MP;Groupe auquel l'action MP est connectée. Ce champ est lié à ***Bon de travail et données de base MP*** et n'accepte que les valeurs qui y sont saisies. Cliquez sur **Liste** pour choisir une valeur appropriée.;VARCHAR2;8;FALSE;FALSE;YES;;AFKO;PLGRP;"AFVC opération centrale; AFKO via AFKO.AUFPL=AFVC.AUFPL; AFVV via AFVV.AUFPL=AFVC.AUFPL AND AFVV.APLZL=AFVC.APLZL; AFRU via AFRU.RUECK=AFVC.RUECK AND AFRU.RMZHL=AFVC.RMZHL ou AFRU.AUFPL/APLZL; CRHD via CRHD.OBJID=AFVC.ARBID AND CRHD.WERKS=AFVC.WERKS; JEST/JCDS via OBJNR.";"Groupe planificateur maintenance/production; à transcoder.";Proposé;Moyenne;ne pas renseigner
clean_data;jt_task;changed_date;Date modifiée;#N/A;DATE;21;FALSE;FALSE;NO;;raw_data;updated_at;;"Dernière mise à jour staging; sinon JCDS.UDATE+UTIME pour changement de statut.";Proposé technique;Faible;ne pas renseigner
clean_data;jt_task;allow_multiple_visits;Autoriser multiples visites;Si cette option est activée, par défaut, il est permis de diviser le travail en plusieurs visites dans la **tâche de demande de travail** lors de la planification. La valeur peut être remplacée dans la page **Demande de tâche de travail**/ **Demande de tâche de travail - planification et allocation**.;VARCHAR2;4000;FALSE;FALSE;YES;;;;;"Pas de mapping SAP proposé à ce stade; champ IFS à laisser vide ou alimenté par défaut/système selon validation métier.";Non mappé;;ne pas renseigner
clean_data;jt_task;allow_multiple_visits_db;Autoriser multiples visites;Si cette option est activée, par défaut, il est permis de diviser le travail en plusieurs visites dans la **tâche de demande de travail** lors de la planification. La valeur peut être remplacée dans la page **Demande de tâche de travail**/ **Demande de tâche de travail - planification et allocation**.;VARCHAR2;20;FALSE;FALSE;YES;FALSE;Constante ou transcodification;Voir ALLOW_MULTIPLE_VISITS;"AFVC opération centrale; AFKO via AFKO.AUFPL=AFVC.AUFPL; AFVV via AFVV.AUFPL=AFVC.AUFPL AND AFVV.APLZL=AFVC.APLZL; AFRU via AFRU.RUECK=AFVC.RUECK AND AFRU.RMZHL=AFVC.RMZHL ou AFRU.AUFPL/APLZL; CRHD via CRHD.OBJID=AFVC.ARBID AND CRHD.WERKS=AFVC.WERKS; JEST/JCDS via OBJNR.";Valeur DB/code du champ ALLOW_MULTIPLE_VISITS. A renseigner seulement si IFS l’exige.;A valider;Faible;"""FALSE"""
clean_data;jt_task;min_visit_duration;Durée min visite (heures);Durée minimale d'une visite. Aucune visite d'une chaîne de plusieurs visites ne sera planifiée pour une durée inférieure à cette valeur. La valeur est saisie par défaut sur les nouvelles opérations de bon de travail avec ce type d'activité.;NUMBER;20;FALSE;FALSE;YES;;;;;"Pas de mapping SAP proposé à ce stade; champ IFS à laisser vide ou alimenté par défaut/système selon validation métier.";Non mappé;;ne pas renseigner
clean_data;jt_task;srv_request_scope_id;ID de portée de la dde SRV;#N/A;NUMBER;20;FALSE;FALSE;YES;;;;;"Pas de mapping SAP proposé à ce stade; champ IFS à laisser vide ou alimenté par défaut/système selon validation métier.";Non mappé;;ne pas renseigner
clean_data;jt_task;event_id;ID événement;ID unique de l'événement. Cet ID d'événement est utilisé dans la configuration de l'entité d'événement et sera visible dans le journal des événements avec la description.;VARCHAR2;30;FALSE;FALSE;YES;;;;;"Pas de mapping SAP proposé à ce stade; champ IFS à laisser vide ou alimenté par défaut/système selon validation métier.";Non mappé;;ne pas renseigner
clean_data;jt_task;event_period_seq;N° période événement;Numéro de séquence donné à une certaine période de date pour l'événement. Ce numéro est utilisé pour déterminer la période de date d'événement liée à une tâche de travail.;NUMBER;20;FALSE;FALSE;YES;;;;;"Pas de mapping SAP proposé à ce stade; champ IFS à laisser vide ou alimenté par défaut/système selon validation métier.";Non mappé;;ne pas renseigner
clean_data;jt_task;hm_contract_id;Contrat de maintenance lourde;#N/A;VARCHAR2;15;FALSE;FALSE;YES;;;;;"Pas de mapping SAP proposé à ce stade; champ IFS à laisser vide ou alimenté par défaut/système selon validation métier.";Non mappé;;ne pas renseigner
clean_data;jt_task;hm_contract_line_no;N° ligne contrat maintenance lourde;#N/A;NUMBER;20;FALSE;FALSE;YES;;;;;"Pas de mapping SAP proposé à ce stade; champ IFS à laisser vide ou alimenté par défaut/système selon validation métier.";Non mappé;;ne pas renseigner
clean_data;jt_task;postponed_reason;Motif de report;La raison d'avancer la date de **dernière fin** si la tâche de travail a déjà été **préparée**. La saisie d'un motif est obligatoire.;VARCHAR2;2000;FALSE;FALSE;YES;;;;;"Pas de mapping SAP proposé à ce stade; champ IFS à laisser vide ou alimenté par défaut/système selon validation métier.";Non mappé;;ne pas renseigner
clean_data;jt_task;original_latest_finish;Fin d'origine au plus tard;La date/heure d'origine définie comme la dernière fin de la tâche de travail. Ce champ de date est défini à la suite de l'extension de la date de **dernière fin** déjà définie sur une tâche de travail avec un type de travail configuré pour enregistrer la raison du report.;DATE;21;FALSE;FALSE;YES;;;;;"Pas de mapping SAP proposé à ce stade; champ IFS à laisser vide ou alimenté par défaut/système selon validation métier.";Non mappé;;ne pas renseigner
clean_data;jt_task;split_min_priority;Priorité min. fractionnée;"Toute opération BT fractionnable peut se voir attribuer une priorité de fractionnement minimale. Elle ne sera alors fractionnée dans une équipe ultérieure que si la priorité de fractionnement de l'équipe est au moins la priorité minimale. La priorité de fractionnement sur l'équipe est définie à l'aide d'un attribut d'équipe appelé SPLIT_PRIORITY.
Supposons que les équipes du lundi puissent toutes se voir attribuer une priorité fractionnée de 1, tandis que les autres équipes de la semaine ont une priorité fractionnée de 2. Les opérations BT qui doivent être accomplies au cours d'une seule semaine se voient alors attribuer une priorité de fractionnement minimale de 2, ce qui signifie qu'elles ne peuvent pas être fractionnées sur le week-end et sur l'équipe du lundi. Pendant ce temps, les autres opérations BT fractionnables ont une priorité partagée de 1 et peuvent donc être fractionnées pendant le week-end. De même, les opérations BT autorisées à s'interrompre peuvent recevoir une priorité d'interruption et ne seront autorisées à interrompre une opération BT fractionnée que si la priorité d'interruption correspond au moins à la priorité de fractionnement minimale requise.";NUMBER;20;FALSE;FALSE;YES;;;;;"Pas de mapping SAP proposé à ce stade; champ IFS à laisser vide ou alimenté par défaut/système selon validation métier.";Non mappé;;ne pas renseigner
clean_data;jt_task;interrupt_priority;Priorité interruption;Spécifie la priorité d'une opération BT de ce type lorsqu'il s'agit de déterminer s'il convient de l'utiliser pour interrompre une opération BT fractionnable. Cela s'applique uniquement si Interruption est défini sur Oui.;NUMBER;20;FALSE;FALSE;YES;;;;;"Pas de mapping SAP proposé à ce stade; champ IFS à laisser vide ou alimenté par défaut/système selon validation métier.";Non mappé;;ne pas renseigner
clean_data;jt_task;interrupt_multiplier;Multiplicateur interruption;"Il est possible d'exercer un contrôle plus fin sur le coût appliqué lorsqu'une opération BT est interrompue par une autre opération BT. Cette opération s'effectue à l'aide d'un multiplicateur sur le coût du fractionnement qui dépend de l'opération BT interrompue. La valeur par défaut est 1, mais peut être définie sur n'importe quelle valeur supérieure ou égale à 0. Par exemple, si nous appliquons un *Coût de planification du fractionnement* de 100, mais que nous ne souhaitons appliquer aucune pénalité si l'opération BT est interrompue par une pause. Nous pouvons définir le multiplicateur de partage sur la pause sur 0 pour y parvenir, ce qui signifie que le coût partagé serait de 0. 
Supposons que nous avons également un rendez-vous qui permet d'interrompre la planification, mais que nous souhaitons le faire uniquement s'il n'y a pas d'autre alternative. Nous pouvons donc définir le multiplicateur de partage sur l'opération BT du rendez-vous à peut-être 2,5 et un coût de 250 sera appliqué si l'opération BT du rendez-vous doit s'interrompre.";NUMBER;20;FALSE;FALSE;YES;;;;;"Pas de mapping SAP proposé à ce stade; champ IFS à laisser vide ou alimenté par défaut/système selon validation métier.";Non mappé;;ne pas renseigner
clean_data;jt_task;interrupt;Interruption;Définit si les opérations BT ou les pauses de ce type peuvent être utilisées pour fractionner une opération BT, où Autoriser plusieurs visites est défini sur Oui. Lorsque Autoriser plusieurs visites est défini sur Oui pour une opération BT, la planification est libre de fractionner l'opération BT dans des équipes consécutives ou autour d'activités marquées comme pouvant être interrompues.;VARCHAR2;4000;FALSE;FALSE;YES;;;;;"Pas de mapping SAP proposé à ce stade; champ IFS à laisser vide ou alimenté par défaut/système selon validation métier.";Non mappé;;ne pas renseigner
clean_data;jt_task;interrupt_db;Interruption;Définit si les opérations BT ou les pauses de ce type peuvent être utilisées pour fractionner une opération BT, où Autoriser plusieurs visites est défini sur Oui. Lorsque Autoriser plusieurs visites est défini sur Oui pour une opération BT, la planification est libre de fractionner l'opération BT dans des équipes consécutives ou autour d'activités marquées comme pouvant être interrompues.;VARCHAR2;20;FALSE;FALSE;YES;;Constante ou transcodification;Voir INTERRUPT;"AFVC opération centrale; AFKO via AFKO.AUFPL=AFVC.AUFPL; AFVV via AFVV.AUFPL=AFVC.AUFPL AND AFVV.APLZL=AFVC.APLZL; AFRU via AFRU.RUECK=AFVC.RUECK AND AFRU.RMZHL=AFVC.RMZHL ou AFRU.AUFPL/APLZL; CRHD via CRHD.OBJID=AFVC.ARBID AND CRHD.WERKS=AFVC.WERKS; JEST/JCDS via OBJNR.";Valeur DB/code du champ INTERRUPT. A renseigner seulement si IFS l’exige.;A valider;Faible;ne pas renseigner
clean_data;jt_task;duration_override;Remplacement durée;Si elle est spécifiée, cette durée sera utilisée directement comme durée attendue de l'opération BT, en ignorant tout autre paramètre affectant la durée (Ajuster la durée, maîtrise des ressources, etc.).;NUMBER;20;FALSE;FALSE;YES;;;;;"Pas de mapping SAP proposé à ce stade; champ IFS à laisser vide ou alimenté par défaut/système selon validation métier.";Non mappé;;ne pas renseigner
clean_data;jt_task;activity_type_id;Type d'activité;Le type de coût assigné à l'activité. Le type de coût est défini quand vous enregistrez l'activité, et peut avoir une des valeurs suivantes : **Unité liée à l'activité**, **Lot lié à l'activité**, **Produit lié à l'activité**, **Installation nécessaire à l'activité** ou **Non utilisé**.;VARCHAR2;20;FALSE;FALSE;YES;;AFVC;LAR01;"AFVC opération centrale; AFKO via AFKO.AUFPL=AFVC.AUFPL; AFVV via AFVV.AUFPL=AFVC.AUFPL AND AFVV.APLZL=AFVC.APLZL; AFRU via AFRU.RUECK=AFVC.RUECK AND AFRU.RMZHL=AFVC.RMZHL ou AFRU.AUFPL/APLZL; CRHD via CRHD.OBJID=AFVC.ARBID AND CRHD.WERKS=AFVC.WERKS; JEST/JCDS via OBJNR.";Type activité principal.;Proposé;Moyenne;ne pas renseigner
clean_data;jt_task;service_organization_id;Organisation du service;Organisation de services qui possède la propriété organisationnelle de la ressource.;VARCHAR2;20;FALSE;FALSE;YES;;CRHD;ARBPL;"AFVC opération centrale; AFKO via AFKO.AUFPL=AFVC.AUFPL; AFVV via AFVV.AUFPL=AFVC.AUFPL AND AFVV.APLZL=AFVC.APLZL; AFRU via AFRU.RUECK=AFVC.RUECK AND AFRU.RMZHL=AFVC.RMZHL ou AFRU.AUFPL/APLZL; CRHD via CRHD.OBJID=AFVC.ARBID AND CRHD.WERKS=AFVC.WERKS; JEST/JCDS via OBJNR.";"Organisation de service depuis poste de travail; transcodification requise.";A transcoder;Faible;ne pas renseigner
clean_data;jt_task;service_delivery_unit;Unité de livraison service;Unité de prestation de services au sein de l'organisation de services qui est propriétaire organisationnel de la ressource.;VARCHAR2;20;FALSE;FALSE;YES;;CRHD;ARBPL;"AFVC opération centrale; AFKO via AFKO.AUFPL=AFVC.AUFPL; AFVV via AFVV.AUFPL=AFVC.AUFPL AND AFVV.APLZL=AFVC.APLZL; AFRU via AFRU.RUECK=AFVC.RUECK AND AFRU.RMZHL=AFVC.RMZHL ou AFRU.AUFPL/APLZL; CRHD via CRHD.OBJID=AFVC.ARBID AND CRHD.WERKS=AFVC.WERKS; JEST/JCDS via OBJNR.";Unité de service depuis poste de travail si applicable.;A transcoder;Faible;ne pas renseigner
clean_data;jt_task;displacement_priority;Priorité de déplacement;Lors de la prise de rendez-vous pour cette activité, PSO tentera de déplacer toute autre activité de cette priorité ou d'une priorité inférieure.;NUMBER;20;FALSE;FALSE;YES;;;;;"Pas de mapping SAP proposé à ce stade; champ IFS à laisser vide ou alimenté par défaut/système selon validation métier.";Non mappé;;ne pas renseigner
clean_data;jt_task;dataset_id;ID ens. données;Identifiant unique pour l'ensemble de données. Un ensemble de données est utilisé pour définir un ensemble discret de données à planifier par IFS Planning and Scheduling Optimization.;VARCHAR2;32;FALSE;FALSE;YES;;;;;"Pas de mapping SAP proposé à ce stade; champ IFS à laisser vide ou alimenté par défaut/système selon validation métier.";Non mappé;;Renseigner jeu de données correspondant au secteur
clean_data;jt_task;fmeca_anal_id;ID analyse;L'ID de l'analyse flux de trésorerie pour l'exposition du flux de trésorerie créée.;NUMBER;20;FALSE;FALSE;YES;;;;;"Pas de mapping SAP proposé à ce stade; champ IFS à laisser vide ou alimenté par défaut/système selon validation métier.";Non mappé;;ne pas renseigner
clean_data;jt_task;fmeca_anal_revision;Révision;Numéro de révision de l'article parent.;NUMBER;20;FALSE;FALSE;YES;;;;;"Pas de mapping SAP proposé à ce stade; champ IFS à laisser vide ou alimenté par défaut/système selon validation métier.";Non mappé;;ne pas renseigner
clean_data;jt_task;function_id;Fonction;La fonction, le processus ou le fonctionnement de l'élément analysé dans le cadre de l'AMDEC.;VARCHAR2;100;FALSE;FALSE;YES;;;;;"Pas de mapping SAP proposé à ce stade; champ IFS à laisser vide ou alimenté par défaut/système selon validation métier.";Non mappé;;ne pas renseigner
clean_data;jt_task;functional_failure_id;Défaillance fonctionnelle;#N/A;VARCHAR2;100;FALSE;FALSE;YES;;;;;"Pas de mapping SAP proposé à ce stade; champ IFS à laisser vide ou alimenté par défaut/système selon validation métier.";Non mappé;;ne pas renseigner
clean_data;jt_task;failure_mode_id;Mode échec;#N/A;VARCHAR2;100;FALSE;FALSE;YES;;;;;"Pas de mapping SAP proposé à ce stade; champ IFS à laisser vide ou alimenté par défaut/système selon validation métier.";Non mappé;;ne pas renseigner
clean_data;jt_task;fmeca_failing_component;Composant défectueux FMECA;#N/A;VARCHAR2;40;FALSE;FALSE;YES;;;;;"Pas de mapping SAP proposé à ce stade; champ IFS à laisser vide ou alimenté par défaut/système selon validation métier.";Non mappé;;ne pas renseigner
clean_data;jt_task;trigger_seq_no;N° séq déclencheur;#N/A;NUMBER;20;FALSE;FALSE;YES;;;;;"Pas de mapping SAP proposé à ce stade; champ IFS à laisser vide ou alimenté par défaut/système selon validation métier.";Non mappé;;ne pas renseigner
clean_data;jt_task;effect;Effets;#N/A;VARCHAR2;4000;FALSE;FALSE;YES;;;;;"Pas de mapping SAP proposé à ce stade; champ IFS à laisser vide ou alimenté par défaut/système selon validation métier.";Non mappé;;ne pas renseigner
clean_data;jt_task;fmeca_cause;Cause FMECA;#N/A;VARCHAR2;3;FALSE;FALSE;YES;;;;;"Pas de mapping SAP proposé à ce stade; champ IFS à laisser vide ou alimenté par défaut/système selon validation métier.";Non mappé;;ne pas renseigner
clean_data;jt_task;fmeca_symptom;Symptôme FMECA;#N/A;VARCHAR2;3;FALSE;FALSE;YES;;;;;"Pas de mapping SAP proposé à ce stade; champ IFS à laisser vide ou alimenté par défaut/système selon validation métier.";Non mappé;;ne pas renseigner
clean_data;jt_task;external_id;Id externe;L'identifiant externe de l'objet est affiché, le cas échéant.;VARCHAR2;500;FALSE;FALSE;YES;;AFVC;AUFPL + APLZL;"AFVC opération centrale; AFKO via AFKO.AUFPL=AFVC.AUFPL; AFVV via AFVV.AUFPL=AFVC.AUFPL AND AFVV.APLZL=AFVC.APLZL; AFRU via AFRU.RUECK=AFVC.RUECK AND AFRU.RMZHL=AFVC.RMZHL ou AFRU.AUFPL/APLZL; CRHD via CRHD.OBJID=AFVC.ARBID AND CRHD.WERKS=AFVC.WERKS; JEST/JCDS via OBJNR.";Identifiant externe stable: SAP_AFVC_<AUFPL>_<APLZL>.;Proposé;Forte;ne pas renseigner
clean_data;jt_task;created_date_ofs;Décalage horaire de la date de création du serveur;#N/A;NUMBER;20;FALSE;FALSE;NO;;AFRU ou source ETL;ERSDA;"AFVC opération centrale; AFKO via AFKO.AUFPL=AFVC.AUFPL; AFVV via AFVV.AUFPL=AFVC.AUFPL AND AFVV.APLZL=AFVC.APLZL; AFRU via AFRU.RUECK=AFVC.RUECK AND AFRU.RMZHL=AFVC.RMZHL ou AFRU.AUFPL/APLZL; CRHD via CRHD.OBJID=AFVC.ARBID AND CRHD.WERKS=AFVC.WERKS; JEST/JCDS via OBJNR.";"Offset/timezone IFS dérivé du champ date correspondant si requis; sinon laisser vide.";Dérivé optionnel;Faible;"""0"""
clean_data;jt_task;reported_date_ofs;Décalage horaire de la date de rapport du serveur;#N/A;NUMBER;20;FALSE;FALSE;NO;;AFRU;ERSDA + ERZET;"AFVC opération centrale; AFKO via AFKO.AUFPL=AFVC.AUFPL; AFVV via AFVV.AUFPL=AFVC.AUFPL AND AFVV.APLZL=AFVC.APLZL; AFRU via AFRU.RUECK=AFVC.RUECK AND AFRU.RMZHL=AFVC.RMZHL ou AFRU.AUFPL/APLZL; CRHD via CRHD.OBJID=AFVC.ARBID AND CRHD.WERKS=AFVC.WERKS; JEST/JCDS via OBJNR.";"Offset/timezone IFS dérivé du champ date correspondant si requis; sinon laisser vide.";Dérivé optionnel;Faible;"""0"""
clean_data;jt_task;mpb_latest_update_ofs;Décalage horaire de dernière mise à jour MPB du serveur;#N/A;NUMBER;20;FALSE;FALSE;NO;;raw_data;updated_at;;"Offset/timezone IFS dérivé du champ date correspondant si requis; sinon laisser vide.";Dérivé optionnel;Faible;ne pas renseigner
clean_data;jt_task;planned_start_ofs;Décalage horaire de démarrage prévu du serveur;#N/A;NUMBER;20;FALSE;FALSE;NO;;AFVV;FSAVD + FSAVZ;"AFVC opération centrale; AFKO via AFKO.AUFPL=AFVC.AUFPL; AFVV via AFVV.AUFPL=AFVC.AUFPL AND AFVV.APLZL=AFVC.APLZL; AFRU via AFRU.RUECK=AFVC.RUECK AND AFRU.RMZHL=AFVC.RMZHL ou AFRU.AUFPL/APLZL; CRHD via CRHD.OBJID=AFVC.ARBID AND CRHD.WERKS=AFVC.WERKS; JEST/JCDS via OBJNR.";"Offset/timezone IFS dérivé du champ date correspondant si requis; sinon laisser vide.";Dérivé optionnel;Faible;"""0"""
clean_data;jt_task;planned_finish_ofs;Décalage horaire de fin prévue du serveur;#N/A;NUMBER;20;FALSE;FALSE;NO;;AFVV;FSEDD + FSEDZ;"AFVC opération centrale; AFKO via AFKO.AUFPL=AFVC.AUFPL; AFVV via AFVV.AUFPL=AFVC.AUFPL AND AFVV.APLZL=AFVC.APLZL; AFRU via AFRU.RUECK=AFVC.RUECK AND AFRU.RMZHL=AFVC.RMZHL ou AFRU.AUFPL/APLZL; CRHD via CRHD.OBJID=AFVC.ARBID AND CRHD.WERKS=AFVC.WERKS; JEST/JCDS via OBJNR.";"Offset/timezone IFS dérivé du champ date correspondant si requis; sinon laisser vide.";Dérivé optionnel;Faible;"""0"""
clean_data;jt_task;actual_start_ofs;Décalage horaire de démarrage réel du serveur;#N/A;NUMBER;20;FALSE;FALSE;NO;;AFRU;ISDD + ISDZ;"AFVC opération centrale; AFKO via AFKO.AUFPL=AFVC.AUFPL; AFVV via AFVV.AUFPL=AFVC.AUFPL AND AFVV.APLZL=AFVC.APLZL; AFRU via AFRU.RUECK=AFVC.RUECK AND AFRU.RMZHL=AFVC.RMZHL ou AFRU.AUFPL/APLZL; CRHD via CRHD.OBJID=AFVC.ARBID AND CRHD.WERKS=AFVC.WERKS; JEST/JCDS via OBJNR.";"Offset/timezone IFS dérivé du champ date correspondant si requis; sinon laisser vide.";Dérivé optionnel;Faible;ne pas renseigner
clean_data;jt_task;actual_finish_ofs;Décalage horaire de fin réelle du serveur;#N/A;NUMBER;20;FALSE;FALSE;NO;;AFRU;IEDD + IEDZ;"AFVC opération centrale; AFKO via AFKO.AUFPL=AFVC.AUFPL; AFVV via AFVV.AUFPL=AFVC.AUFPL AND AFVV.APLZL=AFVC.APLZL; AFRU via AFRU.RUECK=AFVC.RUECK AND AFRU.RMZHL=AFVC.RMZHL ou AFRU.AUFPL/APLZL; CRHD via CRHD.OBJID=AFVC.ARBID AND CRHD.WERKS=AFVC.WERKS; JEST/JCDS via OBJNR.";"Offset/timezone IFS dérivé du champ date correspondant si requis; sinon laisser vide.";Dérivé optionnel;Faible;ne pas renseigner
clean_data;jt_task;earliest_start_ofs;Décalage horaire du démarrage au plus tôt du serveur;#N/A;NUMBER;20;FALSE;FALSE;NO;;AFVV;SSAVD + SSAVZ;"AFVC opération centrale; AFKO via AFKO.AUFPL=AFVC.AUFPL; AFVV via AFVV.AUFPL=AFVC.AUFPL AND AFVV.APLZL=AFVC.APLZL; AFRU via AFRU.RUECK=AFVC.RUECK AND AFRU.RMZHL=AFVC.RMZHL ou AFRU.AUFPL/APLZL; CRHD via CRHD.OBJID=AFVC.ARBID AND CRHD.WERKS=AFVC.WERKS; JEST/JCDS via OBJNR.";"Offset/timezone IFS dérivé du champ date correspondant si requis; sinon laisser vide.";Dérivé optionnel;Faible;ne pas renseigner
clean_data;jt_task;latest_start_ofs;Décalage horaire de démarrage au plus tard du serveur;#N/A;NUMBER;20;FALSE;FALSE;NO;;AFVV;FSSBD + FSSBZ;"AFVC opération centrale; AFKO via AFKO.AUFPL=AFVC.AUFPL; AFVV via AFVV.AUFPL=AFVC.AUFPL AND AFVV.APLZL=AFVC.APLZL; AFRU via AFRU.RUECK=AFVC.RUECK AND AFRU.RMZHL=AFVC.RMZHL ou AFRU.AUFPL/APLZL; CRHD via CRHD.OBJID=AFVC.ARBID AND CRHD.WERKS=AFVC.WERKS; JEST/JCDS via OBJNR.";"Offset/timezone IFS dérivé du champ date correspondant si requis; sinon laisser vide.";Dérivé optionnel;Faible;"""0"""
clean_data;jt_task;latest_finish_ofs;Décalage horaire de fin au plus tard du serveur;#N/A;NUMBER;20;FALSE;FALSE;NO;;AFVV;FSSLD + FSSLZ;"AFVC opération centrale; AFKO via AFKO.AUFPL=AFVC.AUFPL; AFVV via AFVV.AUFPL=AFVC.AUFPL AND AFVV.APLZL=AFVC.APLZL; AFRU via AFRU.RUECK=AFVC.RUECK AND AFRU.RMZHL=AFVC.RMZHL ou AFRU.AUFPL/APLZL; CRHD via CRHD.OBJID=AFVC.ARBID AND CRHD.WERKS=AFVC.WERKS; JEST/JCDS via OBJNR.";"Offset/timezone IFS dérivé du champ date correspondant si requis; sinon laisser vide.";Dérivé optionnel;Faible;ne pas renseigner
clean_data;jt_task;fixed_start_ofs;Décalage horaire du démarrage prévu du serveur;#N/A;NUMBER;20;FALSE;FALSE;NO;;AFVV;FSAVD + FSAVZ;"AFVC opération centrale; AFKO via AFKO.AUFPL=AFVC.AUFPL; AFVV via AFVV.AUFPL=AFVC.AUFPL AND AFVV.APLZL=AFVC.APLZL; AFRU via AFRU.RUECK=AFVC.RUECK AND AFRU.RMZHL=AFVC.RMZHL ou AFRU.AUFPL/APLZL; CRHD via CRHD.OBJID=AFVC.ARBID AND CRHD.WERKS=AFVC.WERKS; JEST/JCDS via OBJNR.";"Offset/timezone IFS dérivé du champ date correspondant si requis; sinon laisser vide.";Dérivé optionnel;Faible;ne pas renseigner
clean_data;jt_task;changed_date_ofs;Décalage horaire de la date de modification du serveur;#N/A;NUMBER;20;FALSE;FALSE;NO;;raw_data;updated_at;;"Offset/timezone IFS dérivé du champ date correspondant si requis; sinon laisser vide.";Dérivé optionnel;Faible;"""0"""
clean_data;jt_task;original_latest_finish_ofs;Décalage horaire de fin au plus tard d'origine du serveur;#N/A;NUMBER;20;FALSE;FALSE;NO;;;;;"Offset/timezone IFS dérivé du champ date correspondant si requis; sinon laisser vide.";Dérivé optionnel;Faible;ne pas renseigner
clean_data;jt_task;custom_metric_id;ID mesure personnalisée;#N/A;VARCHAR2;32;FALSE;FALSE;YES;;;;;"Pas de mapping SAP proposé à ce stade; champ IFS à laisser vide ou alimenté par défaut/système selon validation métier.";Non mappé;;ne pas renseigner
clean_data;jt_task;custom_metric_value;Valeur de mesure personnalisée;#N/A;NUMBER;20;FALSE;FALSE;YES;;;;;"Pas de mapping SAP proposé à ce stade; champ IFS à laisser vide ou alimenté par défaut/système selon validation métier.";Non mappé;;ne pas renseigner
clean_data;jt_task;report_proj_planned_cost;;;VARCHAR2;4000;FALSE;FALSE;YES;;;;;"Pas de mapping SAP proposé à ce stade; champ IFS à laisser vide ou alimenté par défaut/système selon validation métier.";Non mappé;;
clean_data;jt_task;report_proj_planned_cost_db;;;VARCHAR2;20;FALSE;FALSE;YES;;Constante ou transcodification;Voir REPORT_PROJ_PLANNED_COST;"AFVC opération centrale; AFKO via AFKO.AUFPL=AFVC.AUFPL; AFVV via AFVV.AUFPL=AFVC.AUFPL AND AFVV.APLZL=AFVC.APLZL; AFRU via AFRU.RUECK=AFVC.RUECK AND AFRU.RMZHL=AFVC.RMZHL ou AFRU.AUFPL/APLZL; CRHD via CRHD.OBJID=AFVC.ARBID AND CRHD.WERKS=AFVC.WERKS; JEST/JCDS via OBJNR.";Valeur DB/code du champ REPORT_PROJ_PLANNED_COST. A renseigner seulement si IFS l’exige.;A valider;Faible;
clean_data;jt_task;appointment_required;;;VARCHAR2;5;TRUE;FALSE;YES;FALSE;Constante;FALSE;;"Champ obligatoire IFS Lot11. Pas d’équivalent SAP identifié; défaut FALSE/NO.";Défaut à valider;Moyenne;
clean_data;jt_task;warranty_assessment_id;;;VARCHAR2;40;FALSE;FALSE;YES;;;;;"Pas de mapping SAP proposé à ce stade; champ IFS à laisser vide ou alimenté par défaut/système selon validation métier.";Non mappé;;
clean_data;jt_task;remotely_fulfilled;;;VARCHAR2;5;TRUE;FALSE;YES;FALSE;Constante;FALSE;;"Champ obligatoire IFS Lot11. Pas d’équivalent SAP identifié; défaut FALSE/NO.";Défaut à valider;Moyenne;
clean_data;jt_task;scheduled_manually;;;VARCHAR2;5;TRUE;FALSE;YES;FALSE;Constante;FALSE;;"Champ obligatoire IFS Lot11. Pas d’équivalent SAP identifié; défaut FALSE/NO.";Défaut à valider;Moyenne;
clean_data;jt_task;c_part_no;;;VARCHAR2;25;FALSE;FALSE;YES;;AFVC;MATKL ou PLNBEZ via AFKO;"AFVC opération centrale; AFKO via AFKO.AUFPL=AFVC.AUFPL; AFVV via AFVV.AUFPL=AFVC.AUFPL AND AFVV.APLZL=AFVC.APLZL; AFRU via AFRU.RUECK=AFVC.RUECK AND AFRU.RMZHL=AFVC.RMZHL ou AFRU.AUFPL/APLZL; CRHD via CRHD.OBJID=AFVC.ARBID AND CRHD.WERKS=AFVC.WERKS; JEST/JCDS via OBJNR.";"Article/part non direct pour opération; vérifier besoin.";A valider;Faible;
clean_data;jt_task;c_serial_no;;;VARCHAR2;50;FALSE;FALSE;YES;;;;;"N° série objet non disponible dans AFVC/AFKO; nécessite équipement/ordre PM complet AFIH/EQUI si demandé.";Manquant source;;
clean_data;jt_task;c_risk_level;;;NUMBER;20;FALSE;FALSE;YES;;;;;"Pas de mapping SAP proposé à ce stade; champ IFS à laisser vide ou alimenté par défaut/système selon validation métier.";Non mappé;;
clean_data;jt_task;state;Statut;Etat actuel des critères **(En cours** ou **Prêt**);VARCHAR2;4000;FALSE;FALSE;NO;;JEST;STAT;"AFVC opération centrale; AFKO via AFKO.AUFPL=AFVC.AUFPL; AFVV via AFVV.AUFPL=AFVC.AUFPL AND AFVV.APLZL=AFVC.APLZL; AFRU via AFRU.RUECK=AFVC.RUECK AND AFRU.RMZHL=AFVC.RMZHL ou AFRU.AUFPL/APLZL; CRHD via CRHD.OBJID=AFVC.ARBID AND CRHD.WERKS=AFVC.WERKS; JEST/JCDS via OBJNR.";Statut opération/ordre via AFVC.OBJNR, à transcoder vers état IFS.;A transcoder;Moyenne;ne pas renseigner
clean_data;jt_task;objtype;0;0;VARCHAR2;30;FALSE;FALSE;NO;;Constante;JtTask;;Type objet IFS si nécessaire technique.;Défaut technique;Moyenne;
clean_data;jt_task;objversion;0;0;VARCHAR2;40;FALSE;FALSE;NO;;;;;Champ technique IFS, généralement non chargé.;Non mappé;;
clean_data;jt_task;objid;0;0;ROWID;10;FALSE;FALSE;NO;;;;;Champ technique IFS, généralement non chargé.;Non mappé;;
