Owner;Table Name;Column Name;Data Type;Data Type Mod;Data Type Owner;Data Length;Data Precision;Data Scale;Nullable;Column Id;Default Length;Data Default;Num Distinct;Low Value;High Value;Density;Num Nulls;Num Buckets;Last Analyzed;Sample Size;Character Set Name;Char Col Decl Length;Global Stats;User Stats;Avg Col Len;Char Length;Char Used;V80 Fmt Image;Data Upgraded;Histogram;Default On Null;Identity Column;Evaluation Edition;Unusable Before;Unusable Beginning;Collation
SYS;DUAL;DUMMY;VARCHAR2;;;1;;;Y;1;;;1;[B@73b4871;[B@c8361a;1;0;1;20/08/2026 00:01;1;CHAR_CS;1;YES;NO;2;1;B;NO;YES;NONE;NO;NO;;;;USING_NLS_COMP
SYS;PENDING_TRANS$;LOCAL_TRAN_ID;VARCHAR2;;;22;;;N;1;;;0;;;0;0;0;24/02/2026 23:38;;CHAR_CS;22;YES;NO;0;22;B;NO;YES;NONE;NO;NO;;;;USING_NLS_COMP
SYS;PENDING_TRANS$;GLOBAL_TRAN_FMT;NUMBER;;;22;;0;N;2;;;0;;;0;0;0;24/02/2026 23:38;;;;YES;NO;0;0;;NO;YES;NONE;NO;NO;;;;
SYS;PENDING_TRANS$;GLOBAL_ORACLE_ID;VARCHAR2;;;64;;;Y;3;;;0;;;0;0;0;24/02/2026 23:38;;CHAR_CS;64;YES;NO;0;64;B;NO;YES;NONE;NO;NO;;;;USING_NLS_COMP
SYS;PENDING_TRANS$;GLOBAL_FOREIGN_ID;RAW;;;64;;;Y;4;;;0;;;0;0;0;24/02/2026 23:38;;;;YES;NO;0;0;;NO;YES;NONE;NO;NO;;;;
SYS;PENDING_TRANS$;TRAN_COMMENT;VARCHAR2;;;255;;;Y;5;;;0;;;0;0;0;24/02/2026 23:38;;CHAR_CS;255;YES;NO;0;255;B;NO;YES;NONE;NO;NO;;;;USING_NLS_COMP
SYS;PENDING_TRANS$;STATE;VARCHAR2;;;16;;;N;6;;;0;;;0;0;0;24/02/2026 23:38;;CHAR_CS;16;YES;NO;0;16;B;NO;YES;NONE;NO;NO;;;;USING_NLS_COMP
SYS;PENDING_TRANS$;STATUS;VARCHAR2;;;1;;;N;7;;;0;;;0;0;0;24/02/2026 23:38;;CHAR_CS;1;YES;NO;0;1;B;NO;YES;NONE;NO;NO;;;;USING_NLS_COMP
SYS;PENDING_TRANS$;HEURISTIC_DFLT;VARCHAR2;;;1;;;Y;8;;;0;;;0;0;0;24/02/2026 23:38;;CHAR_CS;1;YES;NO;0;1;B;NO;YES;NONE;NO;NO;;;;USING_NLS_COMP
